p	１位
p	１周年 記念
p	１勝
p	１ 番
p	ＡＴ フィールド
p	ＢＩＧ
p	ＫＯ
p	あく抜 け
p	あこがれ
p	あざやか
p	あたたかさ
p	あっぱれ
p	あでやか
p	あどけな さ
p	あなた らし さ
p	ありがたさ
p	ありがたみ
p	いい 気持ち
p	いい 気持ち ／ 気分
p	いい 気分
p	いじらし さ
p	いたわり
p	いとし さ
p	いのち
p	うってつけ
p	うまさ
p	うまみ
p	うま味
p	うれし さ
p	おいし さ
p	おかげ
p	おかぼれ
p	お こづかい
p	おしゃれ
p	おだやか
p	おまけ
p	おめでた
p	おもしろ さ
p	お カネ
p	お ニュー
p	お陰
p	お陰さま
p	お陰様
p	お 楽しみ
p	お客様
p	お 給料
p	お金
p	お祭り 気分
p	お 手ごろ 価格
p	お 手頃 価格
p	お小遣い
p	お笑い
p	お上手
p	お色気
p	お 人柄
p	お 知恵
p	お 得
p	お 得 感
p	お年玉
p	お布施
p	お返し
p	お便り
p	お墨付き
p	お洒落
p	かっこよさ
p	かわい さ
p	かわいらし さ
p	きずな
p	きめ細か さ
p	きらびやか
p	きりん児
p	きれい
p	くじ運
p	くそ力
p	くつろぎ
p	けなげ
p	こく
p	こまめ
p	こらえ性
p	ご 縁
p	ご 活躍
p	ご機嫌
p	ご 興味
p	ご 好評
p	ご 褒美
p	ご 満足
p	さっぱり
p	さばさば
p	さわやか
p	さわやかさ
p	しあわせ
p	しっかり
p	しとやか
p	しなやか
p	しなやか さ
p	しゃれ 男
p	すかっと
p	すきっと
p	すっきり
p	すっと
p	すてき
p	すばやさ
p	すばらしさ
p	それなり
p	たおやか
p	たくましさ
p	たしなみ
p	たたずまい
p	たっぷり
p	ため
p	ちゃめっ気
p	つつましやか
p	つながり
p	つや
p	つ わ もの
p	ていねい
p	てんこ盛り
p	ときめき
p	ど根性
p	なだらか
p	なつかしさ
p	なめらか
p	なめらか さ
p	にぎやか
p	にぎわい
p	にこにこ 顔
p	ぬくもり
p	ねぎらい
p	のぞみ
p	はたらき
p	はつらつ
p	はまり役
p	ばか力
p	ひさし ぶり
p	ひとり立ち
p	ぴか一
p	ふくよか
p	べた ぼれ
p	べた褒め
p	べっぴん
p	ほくほく 顔
p	ほの字
p	ほほ笑み
p	ほろ酔い 気分
p	まごころ
p	まじめ
p	まっさら
p	まとも
p	ま どら か
p	まどろみ
p	まめ
p	まろやか
p	みずみずし さ
p	めでた さ
p	もうけ 口
p	もうけ 仕事
p	やさしさ
p	やりがい
p	やる気
p	やわらか さ
p	ゆとり
p	よ さ
p	らし さ
p	わかりやすさ
p	わざ
p	わび
p	アイデア
p	アイディア
p	アイデンティティ
p	アイデンティティー
p	アクセス制御 機能
p	アクティブ
p	アットホーム
p	アップグレード
p	アフターサービス
p	アミューズメント
p	アンティーク
p	イマジネーション
p	イメージアップ
p	インスピレーション
p	インセンティブ
p	インテリジェンス
p	インパクト
p	インフォームド・コンセント
p	インフォームドコンセント
p	ウイット
p	ウデ
p	ウルトラ Ｃ
p	エール
p	エキスパート
p	エネルギー
p	エネルギッシュ
p	エリート
p	エレガンス
p	エレガント
p	エレガント さ
p	オーラ
p	オールマイティー
p	オシャレ
p	オリジナリティ
p	オリジナリティー
p	カタルシス
p	カッコ よ さ
p	カッコ 良さ
p	カラフル
p	カリスマ
p	カンタン
p	ガッツ
p	キャッシュバック
p	キャッチー
p	キャリア
p	キュート
p	キレ
p	キレイ
p	ギャラ
p	クール
p	クォリティー
p	クオリティ
p	クリーン
p	クリア
p	クリエイティビティ
p	クリエイティブ
p	クリスマスプレゼント
p	グラマー
p	グランドスラム
p	ゲーム性
p	ゲット
p	コイン
p	コク
p	コツ
p	コミニュケーション
p	コミュニケーション
p	コミュニケーションスキル
p	コミュニケーション能力
p	コミュニケーション力
p	コンセプト
p	コンディション
p	コンパクト
p	コンパクト さ
p	コンビニエンス
p	コンプライアンス
p	サービス
p	サービス 水準
p	サービス提供
p	サクセス
p	サヨナラ勝ち
p	シアワセ
p	シェイプアップ
p	シック
p	シャープ
p	シャープ さ
p	シンプル さ
p	スキル
p	スキルアップ
p	スケール
p	スケール 感
p	スター
p	スター選手
p	スタイリッシュ
p	スタミナ
p	ステータス
p	ステイタス
p	ステキ
p	ストレス 解消
p	ストレス 発散
p	スピーディー
p	スピード感
p	スペクタクル
p	スペシャリスト
p	スペシャル
p	スペック
p	スポーツマンシップ
p	スポーティー
p	スマート
p	スマート さ
p	スマイル
p	スムース
p	スムーズ
p	スリム
p	スリル
p	セーフ
p	セーフティー
p	セールスポイント
p	セキュリティ
p	セキュリティー
p	セクシー
p	セクシーさ
p	セミプロ
p	セミプロフェッショナル
p	センス
p	ゼロ 敗
p	ソフト
p	タフ
p	タフ さ
p	ダイナミズム
p	ダイナミック
p	ダイナミックレンジ
p	ダントツ
p	チームワーク
p	チェック 機能
p	チャームポイント
p	チャレンジ 精神
p	チャンス
p	チャンピオン
p	ツヤ
p	テイスト
p	テキサスヒット
p	テク
p	テクニシャン
p	テクニック
p	テンション
p	デート
p	ディスク 容量
p	デザイン性
p	デリカシー
p	トップクラス
p	トップランナー
p	トライ
p	トルク
p	ドキドキ 感
p	ドラマティック
p	ドレスアップ
p	ナイス
p	ニーズ
p	ニュアンス
p	ノーヒットノーラン
p	ノーベル賞
p	ノスタルジック
p	ハードボイルド
p	ハイスピード
p	ハイ パワー
p	ハッピー
p	ハネムーン
p	ハリ
p	ハングリー精神
p	バージョンアップ
p	バイタリティー
p	バブル景気
p	バランス感覚
p	パーフェクト
p	パイオニア
p	パッション
p	パワー
p	パワフル
p	パンチ力
p	ヒーロー
p	ヒット
p	ヒット曲
p	ヒント
p	ビギナーズラック
p	ビッグ
p	ビッグチャンス
p	ビンゴ
p	ファイト
p	ファッション性
p	ファン
p	ファンキー
p	フィードバック
p	フェア
p	フェアプレー
p	フェロモン
p	フットワーク
p	フルスピード
p	フレッシュ
p	フレッシュ さ
p	フレンドリー
p	ブーム
p	ブランドイメージ
p	ブランド 品
p	プライバシー
p	プラス
p	プラスアルファ
p	プリンス
p	プレゼント
p	プロ
p	プロフェッショナル
p	プロ意識
p	ヘルシー
p	ベースアップ
p	ベスト
p	ベスト １ ６
p	ベストセラー
p	ベテラン
p	ホメオスタシス
p	ボーナス
p	ボリューム 感
p	ポイント
p	ポップ
p	ポテンシャル
p	マイペース
p	マイルド
p	マキシマム
p	マシン パワー
p	マドンナ
p	マネー
p	マネジメント 能力
p	マンパワー
p	ミネラル
p	ミュージシャン
p	ミラクル
p	メーカー保証
p	メガヒット
p	メダル
p	メディアリテラシー
p	メリット
p	メリハリ
p	モダン
p	モチベーション
p	モチ モチ 感
p	モラル
p	ヤル気
p	ユーザビリティ
p	ユニーク さ
p	ライフ
p	ラッキー
p	ラブ
p	リーズナブル
p	リーダーシップ
p	リアリズム
p	リアリティ
p	リアル
p	リアルタイム 性
p	リスペクト
p	リズム感
p	リゾート
p	リゾート 気分
p	リッチ
p	リテラシー
p	リフレッシュ
p	リベンジ
p	リラックス
p	リラックス ムード
p	リラックス 感
p	レーダー
p	レクリエーション
p	レジャー
p	レスキュー
p	レトロ
p	レパートリー
p	レベルアップ
p	レヴェル
p	ロマン
p	ロマンス
p	ロマンティック
p	ワイルド さ
p	ワンダフル
p	ヴィジョン
p	亜聖
p	愛
p	愛くるし さ
p	愛らし さ
p	愛郷
p	愛国心
p	愛妻
p	愛情
p	愛着
p	愛憐
p	愛嬌
p	逢瀬
p	握力
p	圧勝
p	飴
p	安さ
p	安らか
p	安らか さ
p	安らぎ
p	安穏
p	安価
p	安楽
p	安上がり
p	安心
p	安心 安全
p	安心感
p	安全
p	安全 安心
p	安全性
p	安全第一
p	安息
p	安泰
p	安定
p	安定化
p	安定感
p	安定性
p	安堵
p	安堵 感
p	安寧
p	安眠
p	伊達
p	偉観
p	偉業
p	偉効
p	偉才
p	偉材
p	偉材 ・ 異材
p	偉人
p	偉大
p	偉大 さ
p	偉物
p	威厳
p	威信
p	威容
p	威力
p	意気
p	意気込み
p	意義
p	意志
p	意志 疎通
p	意思 疎通
p	意思 統一
p	意思能力
p	意識
p	意匠
p	意匠 性
p	意味
p	意欲
p	慰め
p	易 さ
p	為替
p	畏敬
p	異国情緒
p	遺愛
p	遺産
p	遺徳
p	医療 サービス
p	医療費 助成
p	一つ一つ
p	一安心
p	一 押し
p	一 押し ・ 一 推し
p	一貫性
p	一騎当千
p	一級
p	一撃必殺
p	一緒
p	一助
p	一 推し
p	一生
p	一生懸命
p	一線 級
p	一体感
p	一途
p	一杯
p	一杯機嫌
p	一番
p	一命
p	一利
p	一流
p	一臂 の 力
p	溢美
p	逸材
p	逸足
p	逸品
p	逸物
p	引き受け
p	引き立て
p	羽子板
p	羽翼
p	運
p	運気
p	運転技術
p	運動神経
p	運動性
p	運動 性能
p	運動 能力
p	叡智
p	影響力
p	栄
p	栄え
p	栄華
p	栄冠
p	栄光
p	栄誉
p	栄養
p	栄養価
p	栄養素
p	栄養分
p	永遠
p	永住権
p	泳 力
p	英気
p	英傑
p	英語 能力
p	英語力
p	英俊
p	英知
p	英哲
p	英名
p	英雄
p	英霊
p	詠嘆
p	鋭さ
p	鋭気
p	鋭敏
p	悦
p	悦び
p	悦楽
p	円滑
p	円滑 化
p	円転滑脱
p	円満
p	延性
p	演技力
p	縁
p	艶
p	遠足 気分
p	塩蔵
p	奥ゆかし さ
p	奥義
p	奥行き
p	奥深 さ
p	応募者
p	応用力
p	応力
p	旺盛
p	王権
p	王者
p	王族
p	王道
p	黄金時代
p	屋号
p	恩
p	恩愛
p	恩義
p	恩恵
p	恩情
p	恩沢
p	温かさ
p	温かみ
p	温もり
p	温厚
p	温柔
p	温順
p	温情
p	温良
p	温和
p	穏やか
p	穏やか さ
p	穏健
p	穏当
p	穏便
p	穏和
p	音楽性
p	音感
p	音質
p	価格競争 力
p	価値
p	佳
p	佳景
p	佳作
p	佳什
p	佳人
p	佳 編
p	佳 味
p	加護
p	加工 性
p	加勢
p	加速 性能
p	可
p	可愛さ
p	可愛らし さ
p	可決
p	可能性
p	可用性
p	可憐
p	嘉賞
p	家事 援助
p	家庭
p	寡黙
p	科学 性
p	科研費
p	暇
p	果敢
p	果報
p	歌手
p	歌唱力
p	歌心
p	火力
p	花園
p	花芽
p	華
p	華やか
p	華やかさ
p	華美
p	華麗
p	華麗 さ
p	画質
p	画力
p	芽
p	賀
p	賀寿
p	雅
p	雅 味
p	介護 サービス
p	介護報酬
p	介助
p	介抱
p	会心
p	会心の作
p	解決
p	解決策
p	解消
p	解脱
p	解放 感
p	回天 の 力
p	回復
p	回復 基調
p	回復 傾向
p	回復 力
p	快楽
p	快活
p	快感
p	快気 祝い
p	快事
p	快勝
p	快晴
p	快速
p	快 打
p	快調
p	快適
p	快適 さ
p	快適性
p	快投
p	快報
p	快眠
p	怪傑
p	怪力
p	懐かしさ
p	改心
p	改正
p	改善
p	改良
p	皆勤賞
p	絵
p	開運
p	開花
p	開墾
p	開拓者
p	開放
p	開放 感
p	開放 性
p	外観
p	鎧袖一触
p	拡充
p	拡張性
p	格
p	格安
p	格好よ さ
p	格好 良さ
p	格式
p	格調
p	核兵器 廃絶
p	獲得
p	確実 さ
p	確実 性
p	確信
p	確然
p	確保
p	革命児
p	学
p	学位
p	学識
p	学習 意欲
p	学習 機会
p	学習 効果
p	学習 能力
p	学徳
p	学力
p	学歴
p	楽
p	楽しさ
p	楽しみ
p	楽園
p	楽楽
p	楽勝
p	割安
p	活
p	活気
p	活況
p	活性
p	活性化
p	活動
p	活動資金
p	活動 力
p	活発
p	活発化
p	活躍
p	活力
p	渇仰
p	滑らか
p	滑らかさ
p	株
p	株数
p	乾杯
p	勘
p	勧 善
p	巻き返し
p	堪能
p	完ぺき
p	完治
p	完勝
p	完成
p	完成度
p	完全
p	完全性
p	完全無欠
p	完走
p	完投
p	完封
p	完璧
p	官能
p	寛厚
p	寛容
p	寛容 さ
p	感 悦
p	感慨
p	感慨無量
p	感激
p	感謝
p	感謝状
p	感受性
p	感心
p	感性
p	感嘆
p	感度
p	感動
p	感服
p	感銘
p	感銘 ・ 肝銘
p	感涙
p	敢闘
p	歓び
p	歓喜
p	歓迎
p	歓心
p	歓声
p	甘え
p	簡易
p	簡潔
p	簡捷
p	簡素
p	簡単
p	簡便
p	簡明
p	緩衝
p	肝銘
p	観客動員数
p	観光
p	観光客
p	観察 眼
p	観察 力
p	観衆
p	関心
p	頑健
p	頑丈
p	頑張り
p	願い事
p	願ったり叶ったり
p	願望
p	企画力
p	企業イメージ
p	喜び
p	喜悦
p	喜捨
p	喜色
p	器用
p	器用 さ
p	器量 よし
p	器量人
p	基礎
p	基礎 学力
p	基礎 基本
p	基礎 体力
p	基礎代謝
p	基礎 知識
p	基盤
p	基本 機能
p	奇跡
p	奇跡 ・ 奇蹟
p	奇蹟
p	奇麗
p	嬉し さ
p	嬉し涙
p	寄附
p	希少
p	希少価値
p	希代
p	希望
p	既得権益
p	期待
p	期待感
p	機会
p	機動 性
p	機動 的
p	機動力
p	機能
p	機能 強化
p	機能性
p	機能 美
p	機敏
p	気さく
p	気炎
p	気概
p	気楽
p	気軽
p	気構え
p	気合
p	気合い
p	気骨
p	気持ち
p	気持ちよ さ
p	気持ち良 さ
p	気丈
p	気勢
p	気迫
p	気品
p	気風
p	気分 一新
p	気分転換
p	気密性
p	気力
p	季節感
p	紀律
p	規模
p	規律
p	記憶 容量
p	記憶力
p	記念品
p	記録
p	貴意
p	貴重
p	起源
p	起死回生
p	輝き
p	鬼に金棒
p	鬼才
p	技
p	技あり
p	技巧
p	技術
p	技術 向上
p	技術者
p	技術力
p	技能
p	技量
p	義援
p	義賊
p	義勇
p	義理人情
p	吉
p	吉事
p	吉祥
p	吉相
p	吉兆
p	吉日
p	吉報
p	脚線美
p	脚力
p	逆転勝利
p	休憩
p	吸収 性
p	救い
p	救済 措置
p	救出
p	救助
p	求心力
p	球威
p	球速
p	旧恩
p	居住 性
p	巨匠
p	拠り所
p	許容
p	漁獲量
p	漁況
p	享受
p	競争力
p	共感
p	共存共栄
p	共通認識
p	共通理解
p	協調性
p	協力
p	協力 者
p	強 さ
p	強み
p	強 運
p	強健
p	強固
p	強 剛
p	強豪
p	強豪 ・ 強 剛
p	強者
p	強壮
p	強大
p	強度
p	強力
p	強靱
p	恐れ なし
p	恭賀
p	恭敬
p	恭順
p	教育改革
p	教養
p	狂喜
p	興国
p	興味
p	興味 関心
p	興隆
p	郷愁
p	郷土愛
p	驚き
p	驚喜
p	業績
p	曲線 美
p	極意
p	極楽往生
p	極上
p	玉 の 緒
p	玉石
p	勤勉
p	勤労意欲
p	欣快
p	欣喜
p	欣喜雀躍
p	欣幸
p	禁煙
p	筋肉
p	筋力
p	緊迫感
p	謹賀
p	近代化
p	金
p	金の卵
p	金メダル
p	金一封
p	金 運
p	金回り
p	金銀
p	金剛力
p	金銭 力
p	金甌無欠
p	駆動 力
p	具体 性
p	空き
p	空間
p	空想
p	屈強
p	屈指
p	掘り出し物
p	勲章
p	君恩
p	薫り
p	軍事力
p	軍神
p	形式美
p	形質
p	形成
p	恵み
p	慶賀
p	慶事
p	慶祝
p	携帯 性
p	敬意
p	敬仰
p	敬神
p	景観
p	景気
p	景気回復
p	景気対策
p	景仰
p	景勝
p	景色
p	景品
p	経営能力
p	経済活性化
p	経済 活力
p	経済効果
p	経済 効率
p	経済合理性
p	経済 性
p	経済成長
p	経済政策
p	経済的利益
p	経済発展
p	経済力
p	継続 性
p	継続的 改善
p	繋がり
p	計算力
p	軽さ
p	軽 め
p	軽やか
p	軽易
p	軽快
p	軽快 さ
p	軽軽
p	軽減
p	軽度
p	軽便
p	軽妙
p	軽量
p	軽 労働
p	芸域
p	芸術
p	芸術性
p	芸 達者
p	芸能
p	激 安
p	激情
p	激甚
p	激闘
p	激励
p	傑作
p	傑人
p	傑物
p	決まり手
p	決め手
p	決勝ゴール
p	決勝点
p	決断力
p	決定力
p	潔 さ
p	潔白
p	結果 オーライ
p	結構
p	結構 ずくめ
p	結婚
p	結婚披露宴
p	血気 盛ん
p	血行
p	健やか
p	健康
p	健康 長寿
p	健康 美
p	健在
p	健在 ぶり
p	健勝
p	健全
p	健全 育成
p	健全 化
p	健全性
p	健闘
p	健筆
p	剣豪
p	堅固
p	堅実
p	堅調
p	堅牢
p	堅牢 性
p	懸賞
p	権威
p	権益
p	権限
p	権勢
p	権利
p	権力
p	研究 成果
p	研究 能力
p	研究 費
p	見どころ
p	見やす さ
p	見易 さ
p	見応え
p	見巧者
p	見事
p	見識
p	見所
p	見物
p	見返り
p	謙虚
p	謙虚 さ
p	賢 さ
p	賢者
p	賢俊
p	賢女
p	賢人
p	賢哲
p	賢明
p	験
p	元気
p	元気 さ
p	厳密 さ
p	源泉
p	玄人
p	現金
p	現金 収入
p	現実感
p	現実 感覚
p	現実性
p	現実味
p	現世利益
p	言い分
p	言う も おろか
p	言わずもがな
p	言語 感覚
p	言語 能力
p	個性
p	古つわもの
p	古豪
p	誇り
p	雇用 創出
p	顧客
p	顧客満足
p	五穀豊穣
p	互換性
p	娯楽
p	娯楽 性
p	後ろ盾
p	後援
p	後押し
p	御の字
p	御機嫌
p	御言葉
p	御 支援
p	御 神火
p	御利益
p	悟り
p	悟性
p	語学力
p	語彙力
p	交じらい
p	交わり
p	交誼
p	交通安全
p	交友
p	交遊
p	交流
p	光
p	光栄
p	光沢
p	光明
p	光量
p	公益
p	公益性
p	公共心
p	公共性
p	公衆衛生
p	公正
p	公正 さ
p	公徳
p	公平
p	公平 さ
p	公平性
p	公明
p	公明正大
p	功
p	功績
p	功徳
p	効き目
p	効果
p	効果的
p	効験
p	効能
p	効用
p	効率
p	効率性
p	効力
p	厚意
p	厚誼
p	厚志
p	厚情
p	厚生
p	厚生年金
p	口腹
p	向上
p	向上心
p	向心力
p	好き
p	好み
p	好意
p	好 印象
p	好運
p	好学
p	好感
p	好感度
p	好奇
p	好奇心
p	好機
p	好誼
p	好況
p	好景気
p	好 結果
p	好個
p	好事
p	好人物
p	好成績
p	好打
p	好男子
p	好調
p	好調 さ
p	好敵手
p	好転
p	好都合
p	好投
p	好評
p	好捕
p	好 味
p	孝行
p	孝養
p	工賃
p	巧み
p	巧者
p	巧 打
p	巧妙
p	幸
p	幸い
p	幸せ
p	幸せ ・ 仕合わせ
p	幸せ 感
p	幸運
p	幸運 ・ 好運
p	幸甚
p	幸福
p	幸福感
p	広がり
p	広 さ
p	広め
p	抗張力
p	控え目
p	攻め
p	攻撃力
p	更新 意欲
p	更生
p	構成 力
p	構想 力
p	洪恩
p	皇帝
p	硬派
p	行動力
p	講師
p	貢献
p	購入 意欲
p	購買 意欲
p	購買力
p	酵素
p	香り
p	高 恩
p	高 恩 ・ 洪恩
p	高 音質
p	高価
p	高可用性
p	高画質
p	高 機能
p	高誼
p	高級
p	高級感
p	高給
p	高 効率化
p	高校 生活
p	高 信号
p	高性能
p	高 精度
p	高僧
p	高速
p	高速 性
p	高点
p	高度
p	高度 医療
p	高等
p	高得点
p	高徳
p	高庇
p	高評
p	高品質
p	高率
p	剛
p	剛の者
p	剛球
p	剛球 ・ 豪 球
p	剛 強
p	剛性
p	剛直
p	合格
p	合格 者
p	合格者数
p	合理
p	合理性
p	合理的
p	豪華
p	豪華 さ
p	豪華キャスト
p	豪華賞品
p	豪快
p	豪 球
p	豪傑
p	豪速球
p	克服
p	国運
p	国益
p	国交
p	国際競争力
p	国際交流
p	国際 人
p	国際 性
p	国際的 視野
p	国力
p	黒字
p	骨董
p	婚約
p	懇意
p	懇志
p	懇情
p	懇親
p	根気
p	根拠
p	根強 さ
p	根性
p	混じり
p	魂
p	左うちわ
p	砂金
p	再起
p	再興
p	再現性
p	再生
p	再生 能力
p	再選
p	再燃
p	最愛
p	最強
p	最高
p	最高 記録
p	最高 得点
p	最新
p	最盛
p	最善
p	最大限
p	最適
p	最適化
p	最良
p	彩り
p	才
p	才気
p	才子
p	才 俊
p	才女
p	才色兼備
p	才人
p	才知
p	才能
p	才媛
p	才物
p	才力
p	採用
p	採用 数
p	採用 枠
p	済度
p	祭日
p	細やか
p	細身
p	在宅医療
p	財源
p	財政再建
p	財政支援
p	財政 措置
p	財政 力
p	財宝
p	財力
p	冴え
p	作り
p	作業 効率
p	殺菌
p	三景
p	三国一
p	三嘆
p	三 哲
p	参加者
p	参会
p	山紫水明
p	散策
p	散歩
p	産業
p	賛意
p	賛仰
p	賛辞
p	賛助
p	賛嘆
p	賛同
p	賛美
p	斬新 さ
p	残暑見舞い
p	仕合わせ
p	使い勝手
p	使用 頻度
p	使用量
p	史実
p	四恩
p	四季 折々
p	四聖
p	士気
p	始まり
p	子育て支援
p	子供らし さ
p	子守歌
p	子種
p	子孫繁栄
p	市場 シェア
p	師恩
p	師匠
p	志
p	志気
p	志操
p	思いやり
p	思い出
p	思い切り
p	思考 能力
p	思考力
p	指針
p	指導者
p	指導力
p	支え
p	支援
p	支援 体制
p	支給
p	支持
p	支配権
p	支配 力
p	旨 さ
p	旨み
p	旨味
p	獅子奮迅
p	私 徳
p	至れ り 尽く せり
p	至極
p	至芸
p	至上
p	至情
p	至福
p	至妙
p	視野
p	視力
p	詩興
p	詩情
p	資金
p	資金 援助
p	資金需要
p	資源
p	資産
p	資質
p	資本
p	資本力
p	資力
p	歯ごたえ
p	事細か
p	事実
p	慈しみ
p	慈愛
p	慈悲
p	慈悲深 さ
p	持ち 金
p	持ち味
p	持久力
p	持続
p	持続 性
p	時事ネタ
p	次善
p	治安
p	治癒
p	治療 効果
p	自意識
p	自家撞着
p	自我
p	自覚
p	自覚症状
p	自彊
p	自己 管理 能力
p	自己 教育 力
p	自己決定権
p	自己決定 能力
p	自己 治癒力
p	自己 表現力
p	自在
p	自治権
p	自室
p	自主
p	自主財源
p	自主性
p	自主性 自律 性
p	自重
p	自信
p	自然 光
p	自然治癒力
p	自然食
p	自然体
p	自然淘汰
p	自尊心
p	自発性
p	自負 心
p	自分らしさ
p	自明
p	自由
p	自由自在
p	自由度
p	自律 性
p	自立
p	自立 心
p	自立 性
p	識字 力
p	識別 力
p	失業給付
p	疾走 感
p	疾風
p	質
p	質感
p	質実
p	質的 向上
p	質朴
p	実
p	実り
p	実益
p	実現
p	実効
p	実効性
p	実行 速度
p	実行力
p	実績
p	実践 力
p	実務 能力
p	実用 性
p	実利
p	実力
p	実力者
p	実力主義
p	実力派
p	実例
p	実話
p	煮汁
p	社会性
p	社会正義
p	社会的 合意
p	社会的地位
p	社会的 評価
p	謝意
p	謝恩
p	謝礼
p	釈迦
p	若々し さ
p	若さ
p	若者
p	若返り
p	主恩
p	主従関係
p	主神
p	主題歌
p	取り柄
p	取締役
p	守備力
p	手がかり
p	手ごたえ
p	手 だれ
p	手掛かり
p	手軽
p	手軽 さ
p	手頃
p	手助け
p	手造り
p	手段
p	手柄
p	手利き
p	手練
p	手腕
p	殊勝
p	趣
p	趣き
p	趣向
p	受給
p	受賞
p	受領
p	寿
p	授賞式
p	需給
p	需要
p	収益
p	収益性
p	収益力
p	収穫
p	収穫 期
p	収穫祭
p	収入
p	収攬
p	周到
p	周密
p	修好
p	修好 ・ 修交
p	修士
p	秀
p	秀逸
p	秀才
p	秀作
p	秀抜
p	秀美
p	習得
p	集中力
p	充実
p	充実感
p	充足
p	十全
p	十二分
p	十分
p	従順
p	従順 ・ 柔順
p	柔らか さ
p	柔順
p	柔軟
p	柔軟 さ
p	柔軟性
p	柔和
p	渋さ
p	渋 め
p	重恩
p	重厚
p	重厚 さ
p	重重
p	重点 化
p	重宝
p	重宝 ・ 調法
p	重量感
p	夙成
p	淑徳
p	祝い
p	祝意
p	祝賀
p	祝儀
p	祝言
p	祝辞
p	祝勝
p	祝福
p	熟練
p	熟練 者
p	出荷量
p	出会い
p	出資
p	出色
p	出世
p	出世作
p	出番
p	出来
p	出藍の誉れ
p	俊
p	俊英
p	俊傑
p	俊才
p	俊才 ・ 駿才
p	俊秀
p	俊足
p	春
p	春 らし さ
p	春風 駘蕩
p	瞬発力
p	駿才
p	旬
p	準優勝
p	潤い
p	潤滑
p	潤沢
p	純愛
p	純潔
p	純情
p	純真
p	純真無垢
p	純粋
p	純粋 さ
p	純正
p	純朴
p	遵守
p	醇美
p	順調
p	順良
p	処理 速度
p	処理 能力
p	初々し さ
p	初勝利
p	初体験
p	初恋
p	所持 金
p	所得
p	所領
p	書き込み 数
p	書き 味
p	助け
p	助け船
p	助成金
p	叙情 性
p	女の子 らし さ
p	女らしさ
p	女傑
p	女性 らし さ
p	女 冥利
p	勝ち
p	勝ち越し
p	勝ち残り
p	勝ち戦
p	勝運
p	勝機
p	勝者
p	勝負 強 さ
p	勝報
p	勝利
p	勝率
p	匠
p	商運
p	商況
p	商取引
p	商売繁盛
p	商品 価値
p	商品券
p	奨励 金
p	奨励賞
p	将軍
p	将来
p	将来性
p	小 技
p	小型
p	小型軽量
p	小遣い
p	招待 券
p	掌握
p	昇進
p	焼き たて
p	省エネ
p	省エネルギー
p	省 スペース
p	省 スペース 性
p	称号
p	称賛
p	称美
p	称揚
p	称揚 ・ 賞揚
p	笑い
p	笑い 顔
p	笑い事
p	笑い声
p	笑み
p	笑顔
p	笑声
p	賞
p	賞金
p	賞賛
p	賞賛 ・ 称賛
p	賞状
p	賞美
p	賞美 ・ 称美
p	賞品
p	賞揚
p	鍾愛
p	障害 基礎年金
p	上 の 上
p	上り調子
p	上機嫌
p	上向き
p	上作
p	上質
p	上質 感
p	上手
p	上手 さ
p	上達
p	上品
p	上品 さ
p	丈夫
p	丈夫 さ
p	常識
p	常識的
p	常勝
p	情
p	情愛
p	情感
p	情誼
p	情 合い
p	情緒
p	情熱
p	情報
p	情報 活用 能力
p	情報処理 能力
p	情報満載
p	条理
p	浄財
p	浄土
p	職業 能力
p	職人
p	職人 芸
p	色っぽ さ
p	色感
p	色気
p	色彩
p	色彩感覚
p	色女
p	色鮮やか
p	色男
p	色調
p	食い気
p	食べもの
p	食感
p	食 思
p	食通
p	食道楽
p	食欲
p	伸びやか
p	信
p	信義
p	信仰心
p	信実
p	信心
p	信念
p	信奉
p	信望
p	信用
p	信用
p	信頼
p	信頼回復
p	信頼 感
p	信頼関係
p	信頼性
p	信憑
p	信憑性
p	審美眼
p	心意気
p	心強 さ
p	心遣い
p	心構え
p	心 祝い
p	心尽くし
p	心待ち
p	心地よ さ
p	心地 良さ
p	心配り
p	心服
p	慎重 さ
p	振興
p	新し さ
p	新鋭
p	新歓
p	新規性
p	新車
p	新鮮
p	新鮮 さ
p	新鮮味
p	新築 祝い
p	新陳代謝
p	新品
p	新味
p	新緑
p	森林浴
p	深謝
p	深甚
p	真
p	真価
p	真剣
p	真骨頂
p	真作
p	真実
p	真実 性
p	真実味
p	真情
p	真心
p	真髄
p	真善美
p	真打ち
p	真直ぐ
p	真面目
p	真理
p	神々し さ
p	神格
p	神器
p	神助
p	神性
p	神速
p	神智
p	神通力
p	神徳
p	神秘
p	神秘 性
p	神品
p	神妙
p	神明
p	臣節
p	親し さ
p	親しみ
p	親 の 恩
p	親ぼく
p	親愛
p	親衛
p	親近感
p	親孝行
p	親心
p	親身
p	親切
p	親切 さ
p	親善
p	親睦
p	親密
p	親密さ
p	親密感
p	親友
p	親類付き合い
p	親和
p	診療報酬
p	身だしなみ
p	身軽
p	身状
p	身方
p	身命
p	進運
p	進化
p	進捗
p	進展
p	進歩
p	進歩性
p	人員
p	人格
p	人間らし さ
p	人間性
p	人間 的 魅力
p	人間味
p	人間力
p	人気
p	人気者
p	人気 商品
p	人傑
p	人権
p	人交わり
p	人妻
p	人擦れ
p	人手
p	人情
p	人情味
p	人生
p	人徳
p	人付き合い
p	人望
p	人命
p	人類 愛
p	仁
p	仁愛
p	仁義
p	仁恵
p	仁慈
p	仁者
p	仁恕
p	仁徳
p	迅速
p	靭性
p	推賞 ・ 推称
p	推薦
p	推薦状
p	推力
p	水入らず
p	粋
p	随一
p	随喜
p	崇
p	崇敬
p	崇拝
p	寸志
p	世界一
p	世界一周
p	世界新
p	世界 進出
p	世界平和
p	世評
p	凄 艶
p	制球力
p	制覇
p	勢い
p	勢力
p	性根
p	性能
p	成果
p	成業
p	成功
p	成功者
p	成功体験
p	成功報酬
p	成就
p	成就 感
p	成熟
p	成熟 期
p	成績
p	成長
p	成長 ぶり
p	成長性
p	成長 力
p	成仏
p	整合性
p	整備 充実
p	星空
p	晴れやか
p	晴れ晴れ
p	晴天
p	正
p	正し さ
p	正解
p	正確
p	正確 さ
p	正確 性
p	正規
p	正義
p	正義感
p	正月 気分
p	正常
p	正調
p	正直
p	正当
p	正当性
p	正統
p	正統性
p	正銘
p	正論
p	清々し さ
p	清らか
p	清潔
p	清潔 さ
p	清潔感
p	清純
p	清祥
p	清浄無垢
p	清水
p	清澄
p	清清
p	清楚
p	清貧
p	清流
p	清涼感
p	清冽
p	生きがい
p	生き甲斐
p	生き残り
p	生き仏
p	生き返り
p	生まれ変わり
p	生涯現役
p	生活費
p	生活保護
p	生活力
p	生還
p	生気
p	生彩
p	生産 意欲
p	生産 効率
p	生産性
p	生産能力
p	生産量
p	生産力
p	生殖 機能
p	生存
p	生存者
p	生長
p	生徒 たち
p	生命
p	生命力
p	生命倫理
p	盛り
p	盛りだくさん
p	盛り上がり
p	盛ん
p	盛運
p	盛況
p	盛者
p	盛大
p	精鋭
p	精華
p	精確
p	精気
p	精強
p	精巧
p	精神 性
p	精神力
p	精進
p	精美
p	精密
p	精密 さ
p	精妙
p	精力
p	精力絶倫
p	精力的
p	精励
p	精霊
p	精悍 さ
p	精緻
p	聖
p	聖恩
p	聖賢
p	聖徳
p	聖母マリア
p	聖霊
p	声援
p	西哲
p	誠
p	誠意
p	誠実
p	誠実 さ
p	青空
p	青春
p	静
p	静か さ
p	静けさ
p	静穏
p	静粛 性
p	税収
p	税 収入
p	積極的
p	責任感
p	赤い羽根
p	切れ者
p	切れ味
p	接着 性
p	接点
p	折り合い
p	折り紙
p	折り紙付き
p	設備
p	節義
p	節操
p	節度
p	説得力
p	絶佳
p	絶景
p	絶好
p	絶好調
p	絶賛
p	絶勝
p	絶対音感
p	絶頂
p	絶美
p	絶妙
p	絶倫
p	舌鼓
p	先覚 者
p	先駆者
p	先見
p	先見の明
p	先見 性
p	先賢
p	先勝
p	先進 性
p	先制ゴール
p	先制点
p	先哲
p	千人力
p	専門
p	専門医
p	専門性
p	専門知識
p	専門的 知識
p	専門的 能力
p	専門 能力
p	戦意
p	戦果
p	戦功
p	戦勝
p	戦績
p	戦闘 能力
p	戦闘力
p	戦略 性
p	戦力
p	洗浄 力
p	洗練
p	繊細
p	繊細 さ
p	選奨
p	鮮やか
p	鮮やか さ
p	鮮度
p	鮮明
p	鮮烈
p	前進
p	前途
p	善
p	善意
p	善行
p	善政
p	善戦
p	善美
p	全快
p	全国制覇
p	全勝
p	全盛
p	全 精力
p	全 速
p	全速力
p	全知
p	全知全能
p	全能
p	全力
p	祖国 統一
p	祖先
p	素質
p	素晴らし さ
p	素早 さ
p	素地
p	素直
p	素敵
p	素朴
p	素養
p	創意工夫
p	創業者
p	創見
p	創作 意欲
p	創造性
p	創造 力
p	壮快
p	壮観
p	壮健
p	壮美
p	奏功
p	奏効
p	爽やか
p	爽やか さ
p	爽快
p	爽快 感
p	想い
p	想像力
p	操作性
p	早期 完成
p	早期 実現
p	早期 成立
p	早期 発見
p	早期 発見 早期 治療
p	早業
p	早寝 早起き
p	相愛
p	相互運用性
p	相思相愛
p	相乗効果
p	総て
p	総なめ
p	総合力
p	荘厳
p	荘厳 さ
p	走 力
p	増産
p	増収
p	即戦力
p	息災
p	息吹
p	速さ
p	速やか
p	速球
p	速効
p	速報性
p	速力
p	卒業 資格
p	存在意義
p	存在感
p	存生
p	尊 さ
p	尊敬
p	尊厳
p	尊重
p	尊信
p	尊崇
p	多 機能
p	多幸
p	多彩
p	多謝
p	多情仏心
p	多面的 機能
p	多様性
p	太っ腹
p	太平
p	太平楽
p	体内時計
p	体力
p	体力 気力
p	対応力
p	耐圧
p	耐久性
p	耐久 力
p	耐候性
p	耐 衝撃 性
p	耐食性
p	耐震性
p	耐水性
p	耐性
p	耐熱性
p	帯域幅
p	退院 祝い
p	代謝
p	代表作
p	代表選手
p	代役
p	大 にぎわい
p	大 ヒット
p	大 悦
p	大往生
p	大 恩
p	大家
p	大企業
p	大 喜び
p	大器晩成
p	大技
p	大義
p	大吉
p	大漁
p	大金
p	大慶
p	大賢
p	大好き
p	大 好評
p	大国
p	大作
p	大 仕事
p	大事
p	大自然
p	大勝
p	大 勝利
p	大笑い
p	大丈夫
p	大人 物
p	大成
p	大成功
p	大 盛況
p	大聖
p	大切
p	大 多数
p	大胆
p	大胆 さ
p	大統領
p	大盤石
p	大福
p	大物
p	大力
p	大和魂
p	大和心
p	第一人者
p	第一流
p	醍醐味
p	卓識
p	卓抜
p	達識
p	達者
p	達人
p	達成
p	達成感
p	奪回
p	脱却
p	丹青
p	丹念
p	嘆美
p	探求 心
p	探究 心
p	探検 気分
p	淡彩
p	誕生
p	誕生祝い
p	誕生石
p	誕生日
p	誕生日 プレゼント
p	誕生日 祝い
p	団結力
p	団欒
p	弾力
p	弾力性
p	断トツ
p	断熱 性
p	暖か さ
p	段違い
p	男気
p	男手
p	男女共同参画
p	男女同権
p	男女平等
p	男神
p	男前
p	男冥利
p	値ごろ
p	値打ち
p	知
p	知 ・ 智
p	知る権利
p	知恵
p	知恵袋
p	知行
p	知識
p	知識 経験
p	知識人
p	知性
p	知的
p	知的 興奮
p	知的好奇心
p	知的所有権
p	知徳
p	知能
p	知名
p	知名度
p	知勇
p	知力
p	地位
p	地域性
p	地力
p	智
p	智恵
p	智慧
p	竹林の七賢
p	蓄え
p	秩序
p	茶気
p	中庸
p	中立 性
p	仲間
p	仲間意識
p	仲人
p	仲直り
p	仲良し
p	忠義
p	忠勤
p	忠魂
p	忠実
p	忠心
p	忠誠
p	忠誠心
p	忠節
p	忠霊
p	注意力
p	衷情
p	著名
p	著名人
p	貯金
p	丁重
p	丁寧
p	丁寧 さ
p	寵愛
p	帳消し
p	帳消し
p	張り
p	張り合い
p	朝恩
p	聴き 手
p	聴力
p	調法
p	調和
p	超人
p	超能力
p	長
p	長持ち
p	長者
p	長寿
p	長寿 命 化
p	長所
p	長生
p	長生き
p	長打
p	長打力
p	長命
p	直線 美
p	沈静
p	珍し さ
p	賃金
p	賃上げ
p	追加 効果
p	追加点
p	痛快
p	通
p	通気 性
p	釣果
p	低 コスト
p	低価格
p	低 消費電力
p	貞潔
p	貞淑
p	貞節
p	貞操
p	定着
p	定番
p	定評
p	底上げ
p	底力
p	抵抗 性
p	抵抗 力
p	提供
p	提携 関係
p	程々
p	敵失
p	的確
p	的中
p	適応性
p	適応 力
p	適合
p	適材適所
p	適時打
p	適職
p	適性
p	適正
p	適切
p	適度
p	適任
p	適評
p	適法
p	適役
p	哲学
p	徹底的
p	典麗
p	天 に も 昇る 心地
p	天衣無縫
p	天恩
p	天下一
p	天下一品
p	天恵
p	天皇杯
p	天国
p	天才
p	天使
p	天助
p	天真爛漫
p	天然 温泉
p	天地神明
p	天道
p	天佑
p	天祐
p	点数
p	伝統
p	伝統 美
p	伝統文化
p	殿堂入り
p	電力
p	都市 機能
p	努力 の 結晶
p	努力義務
p	土産
p	土付かず
p	投資 効率
p	投票権
p	当たり
p	当たり 役
p	当意即妙
p	当選
p	等級
p	統一 感
p	統一性
p	透明 感
p	透明性
p	頭脳
p	闘気
p	闘魂
p	闘志
p	働き
p	働きかけ
p	動作 速度
p	同感
p	同慶
p	憧憬
p	撞着
p	洞察 力
p	道義
p	道徳
p	道徳性
p	得
p	得る ところ
p	得意
p	得策
p	得手
p	得点
p	得点力
p	得票
p	得分
p	得分 ・ 徳 分
p	得用
p	徳
p	徳義
p	徳性
p	徳操
p	徳 分
p	徳用
p	徳用 ・ 得用
p	特技
p	特許
p	特恵
p	特権
p	特効
p	特質
p	特殊能力
p	特選
p	特段
p	特典
p	督励
p	篤学
p	篤志
p	独自性
p	独自 路線
p	独創性
p	独立
p	独立 心
p	独立 性
p	独立独歩
p	読解力
p	内祝言
p	南国 気分
p	難攻不落
p	二枚 目
p	賑やか
p	賑やか さ
p	賑わい
p	肉感
p	肉体美
p	日光浴
p	日差し
p	日本一
p	入り用
p	入念
p	忍耐力
p	認可
p	認識
p	認証
p	認定
p	猫かわいがり
p	熱愛
p	熱意
p	熱気
p	熱血
p	熱 賛
p	熱心
p	熱戦
p	熱量
p	年賀
p	年季
p	年金
p	年収
p	念入り
p	粘り
p	粘り強 さ
p	濃 彩
p	能
p	能力
p	覇気
p	破壊力
p	破顔一笑
p	馬力
p	俳優
p	背筋力
p	配偶者特別控除
p	配当
p	倍速
p	売り上げ
p	売れ行き
p	売上
p	売上げ
p	博愛
p	博雅
p	博学
p	博識
p	博聞
p	博覧強記
p	拍手
p	拍手喝采
p	白砂青松
p	迫真
p	迫力
p	迫力 満点
p	八景
p	八幡
p	発揮
p	発言力
p	発想力
p	発達
p	発展
p	発展性
p	抜群
p	判断 能力
p	判断力
p	反骨
p	反戦 平和
p	汎愛
p	汎用性
p	繁栄
p	繁華
p	繁盛
p	販路
p	晩成
p	批判精神
p	比翼連理
p	被写界深度
p	非凡
p	飛距離
p	飛行機
p	備え
p	微笑み
p	眉目 秀麗
p	美
p	美し さ
p	美果
p	美学
p	美観
p	美形
p	美景
p	美質
p	美女
p	美少女
p	美少年
p	美丈夫
p	美食
p	美人
p	美声
p	美男
p	美男子
p	美男 美女
p	美的感覚
p	美点
p	美徳
p	美肌
p	美貌
p	美味
p	美味し さ
p	美妙
p	美名
p	美麗
p	必備
p	筆まめ
p	百人力
p	百戦百勝
p	表敬
p	表現 能力
p	表現力
p	表彰
p	表情
p	表徳
p	評点
p	評判
p	品
p	品位
p	品格
p	品質
p	品性
p	敏捷
p	敏捷性
p	敏速
p	敏腕
p	不可欠
p	不屈
p	不幸 中 の 幸い
p	不死
p	不死身
p	不戦勝
p	不動
p	不敗
p	不偏
p	不老
p	不老 長寿
p	不老不死
p	付き合い
p	婦徳
p	富
p	富強
p	富国
p	富国強兵
p	富力
p	布施
p	普及
p	普遍性
p	負けじ魂
p	負けん気
p	武
p	武運
p	武名
p	武勇
p	武勇伝
p	武力
p	部材
p	封殺
p	風雲児
p	風格
p	風光明媚
p	風合い
p	風情
p	風評
p	風味
p	風流
p	風流韻事
p	副賞
p	復活
p	復帰
p	復権
p	復原力
p	復習
p	復調
p	福
p	福の神
p	福運
p	福祉
p	福祉 サービス
p	福徳
p	複製権
p	仏心
p	物柔らか
p	物静か
p	分け前
p	分析 力
p	分明
p	奮迅
p	奮励
p	雰囲気
p	文化
p	文化人
p	文句なし
p	文殊 の 知恵
p	文章力
p	文人
p	文武両道
p	文名
p	聞き 巧者
p	聞き上手
p	平安
p	平易
p	平穏
p	平気
p	平静
p	平静 さ
p	平等
p	平等 性
p	平明
p	平和
p	平和主義
p	平和的 解決
p	別段
p	偏差値
p	返り咲き
p	返還
p	返金
p	返済
p	返事
p	返信
p	便
p	便宜
p	便利
p	便利 さ
p	勉強 時間
p	保温
p	保温性
p	保護
p	保持
p	保 湿 効果
p	保証
p	保証 付き
p	保水 力
p	保存 性
p	歩み
p	補給
p	補充
p	補填
p	母性 愛
p	菩提心
p	包容力
p	報酬
p	報奨 金
p	奉加
p	奉祝
p	宝石
p	宝刀
p	宝物
p	方法
p	法悦
p	法曹
p	法的根拠
p	法典
p	法力
p	芳志
p	芳醇
p	芳情
p	豊か
p	豊か さ
p	豊 艶
p	豊漁
p	豊作
p	豊穣
p	豊年
p	豊年 満作
p	豊富
p	豊麗
p	豊饒
p	飽満
p	望み
p	冒険 心
p	防御 力
p	防止
p	防水性
p	朴訥
p	勃興
p	本格
p	本気
p	本然
p	本尊
p	本調子
p	本当
p	本物
p	本分
p	本塁打
p	末広がり
p	万謝
p	万全
p	万能
p	万福
p	万万歳
p	満悦
p	満開
p	満喫
p	満載
p	満作
p	満足
p	満足感
p	満足度
p	満点
p	満腹
p	満腹 感
p	満塁
p	味
p	味わい
p	味覚
p	味方
p	味方 ・ 身方
p	未来
p	魅
p	魅了
p	魅力
p	妙案
p	妙技
p	妙手
p	民主化
p	眠り
p	夢寐
p	無害
p	無垢
p	無事
p	無事故
p	無邪気
p	無傷
p	無心
p	無敵
p	無敗
p	無病息災
p	無料
p	冥加
p	冥利
p	名
p	名うて
p	名セリフ
p	名案
p	名医
p	名演
p	名家
p	名花
p	名曲
p	名言
p	名工
p	名作
p	名手
p	名所
p	名勝
p	名勝負
p	名匠
p	名乗り
p	名場 面
p	名人
p	名声
p	名代
p	名台詞
p	名店
p	名馬
p	名品
p	名物
p	名聞
p	名門
p	名誉
p	名利
p	名流
p	命
p	命がけ
p	命脈
p	命冥加
p	明る さ
p	明解
p	明快
p	明確
p	明鏡止水
p	明日
p	明明白白
p	明瞭
p	明瞭度
p	明朗
p	明媚
p	明晰
p	銘
p	免疫
p	免疫 機能
p	免疫力
p	免許皆伝
p	面白 さ
p	面白み
p	面白味
p	面目
p	目的意識
p	目的 達成
p	目途
p	目標
p	目標達成
p	目利き
p	尤物
p	問題意識
p	問題解決
p	問題解決能力
p	野性 味
p	役者が一枚上
p	薬効
p	薬師如来
p	躍進
p	躍動感
p	愉悦
p	愉快
p	優
p	優しさ
p	優位
p	優位 性
p	優越
p	優越感
p	優雅
p	優雅 さ
p	優遇措置
p	優秀
p	優秀賞
p	優勝
p	優勝者
p	優勢
p	優等
p	優美
p	優美 さ
p	勇
p	勇 敢
p	勇気
p	勇健
p	勇者
p	勇戦
p	勇退
p	勇名
p	勇猛
p	勇躍
p	友愛
p	友誼
p	友好
p	友好 関係
p	友好 親善
p	友情
p	友人
p	友達
p	幽遠
p	幽寂
p	幽邃
p	悠悠自適
p	憂え なし
p	有り難 さ
p	有意義
p	有益
p	有休
p	有給
p	有効
p	有効 性
p	有効成分
p	有効 打
p	有 彩色
p	有識
p	有情
p	有難 さ
p	有望
p	有名
p	有名 どころ
p	有用
p	有用 性
p	有利
p	有力
p	有力 選手
p	猶予 期間
p	裕福
p	誘い
p	遊び心
p	雄 健
p	雄大
p	融和
p	予防
p	予防措置
p	余栄
p	余徳
p	余裕
p	誉れ
p	預貯金
p	妖美
p	容易
p	様式美
p	用意周到
p	用途
p	要
p	要件
p	要職
p	陽
p	陽気
p	養分
p	翼賛
p	頼もし さ
p	雷名
p	落ちつき
p	落ち着き
p	利
p	利運
p	利益
p	利益率
p	利回り
p	利権
p	利潤
p	利点
p	利得
p	利幅
p	利便
p	利便性
p	利用 価値
p	利用 権
p	利用 効率
p	利用 時間
p	利用者
p	利用 頻度
p	理
p	理解
p	理解力
p	理屈 抜き
p	理性
p	理想
p	理想郷
p	理知
p	理念
p	立体感
p	立派
p	隆昌
p	隆盛
p	旅行
p	旅行 気分
p	旅情
p	両全
p	両雄
p	両立
p	涼しげ
p	涼し さ
p	涼感
p	良
p	良さ
p	良縁
p	良 型
p	良好
p	良材
p	良作
p	良識
p	良質
p	良心
p	良智 良能
p	良能
p	良品
p	量
p	量感
p	力
p	力強 さ
p	力作
p	力戦
p	力闘
p	力 編
p	力量
p	倫理
p	倫理観
p	臨場感
p	令名
p	冷静
p	冷静さ
p	冷静沈着
p	冷徹
p	励まし
p	励み
p	礼儀
p	零 敗
p	霊験
p	霊力
p	麗人
p	歴史 文化
p	歴然
p	歴歴
p	廉価
p	恋し さ
p	恋愛
p	恋愛 感情
p	恋情
p	恋心
p	恋人
p	恋人 気分
p	恋着
p	恋風
p	連勝
p	連戦連勝
p	連続 性
p	連帯 意識
p	連帯感
p	連覇
p	労働意欲
p	労働力
p	朗色
p	朗報
p	牢乎
p	牢乎 ・ 牢固
p	牢固
p	老婆心
p	老舗
p	老齢 基礎年金
p	老練
p	老獪
p	六波羅蜜
p	録
p	論旨
p	論理
p	論理 性
p	論理的
p	論理的思考
p	論理的思考力
p	和
p	和気
p	和魂漢才
p	和平
p	話し上手
p	話題
p	話題性
p	腕 こき
p	腕 こき ・ 腕っこき
p	腕っこき
p	腕利き
p	腕力
p	偕老同穴
p	僥倖
p	几帳面
p	呵呵大笑
p	嗅覚
p	嗟嘆
p	毀誉褒貶
p	恍惚感
p	慇懃
p	撥水性
p	殷賑
p	氣
p	洒落
p	矜持
p	絆
p	綺羅
p	綺麗
p	緻密
p	緻密 さ
p	罨法
p	翡翠
p	膂力
p	豁然
p	贅
p	辣腕
p	醵金
p	頌 徳
p	驍名
n	２次 感染
n	２失点
n	３連敗
n	ＡＩＤＳ
n	Ａ 型 肝炎
n	ＢＯＴ
n	ＢＳ Ｅ
n	Ｃ型肝炎
n	ＤＶ
n	Ｅ Ｄ
n	ＨＩＶ
n	ＨＩＶ 感染
n	ＮＧ
n	ＰＭＳ
n	ＰＴＳＤ
n	ＳＡＲＳ
n	ＴＫＯ
n	あいまい
n	あからさま
n	あきらめ
n	あせも
n	あだ
n	あだおろそか
n	あだおろそか ・ あだ や おろそか
n	あだ や おろそか
n	ありがた迷惑
n	いかがわし さ
n	いかさま
n	いさかい
n	いざこざ
n	いじめ
n	いたずら
n	いたずら 電話
n	いたみ
n	いばら の 道
n	いびき
n	いびり
n	いぼ
n	いやらし さ
n	いらいら
n	いらだち
n	うかうか
n	う かつ
n	うさ
n	うさんくさ さ
n	うずき
n	うそ
n	う そっ ぱち
n	うそ 偽り
n	うそ八百
n	うたぐり
n	うだうだ
n	うっかり
n	うっぷん
n	うっ血
n	うつ
n	うつ状態
n	うつ病
n	うらみ
n	うらやみ
n	うるささ
n	えぐみ
n	えん罪
n	おいてきぼり
n	おいてけぼり
n	おざなり
n	おし さ
n	おじけ
n	おせっかい
n	お それ
n	おぞまし さ
n	おたふく
n	おたふく風邪
n	おだぶつ
n	おちおち
n	おっくう
n	おでき
n	おなら
n	おねしょ
n	おもらし
n	おろそか
n	お隠れ
n	お化け
n	お家騒動
n	お仕置き
n	お 邪魔
n	お手上げ
n	お 説教
n	お 疲れ
n	お門違い
n	お役所仕事
n	お 咎め
n	かぎ裂き
n	かげり
n	かさ上げ
n	かすり 傷
n	かぜ
n	かっぱらい
n	かなしみ
n	かぶれ
n	かゆ さ
n	かゆみ
n	かわいそう
n	がた
n	がた落ち
n	がん
n	がん 細胞
n	きつ さ
n	きゃしゃ
n	きれい事
n	ぎこちな さ
n	ぎっくり腰
n	ぎりぎり
n	くたくた
n	くたびれ
n	くたびれもうけ
n	くだらな さ
n	くど さ
n	くも膜下出血
n	くやしさ
n	くる病
n	ぐちゃぐちゃ
n	けが
n	けがれ
n	けが人
n	けだる さ
n	けち
n	けったい
n	けんか
n	けんか腰
n	げんなり
n	こそ泥
n	こちこち
n	こび
n	こわ さ
n	こんとん
n	ごたごた
n	ごたまぜ
n	ごちゃまぜ
n	ごまかし
n	ごまのはえ
n	ごみ
n	ご苦労
n	ご 心配
n	ご都合主義
n	ご 病気
n	ご 不便
n	ご 迷惑
n	ご利益
n	さび
n	さびしさ
n	さみし さ
n	ざらつき
n	ざわめき
n	しがらみ
n	しくじり
n	しこめ
n	しこり
n	したい 放題
n	したたか
n	しっぺ返し
n	しつこ さ
n	しびれ
n	しみ
n	しゃっくり
n	しょっぱ さ
n	しらふ
n	しり切れ
n	しわ
n	しわ寄せ
n	しんど さ
n	し 損ない
n	じり高
n	じり貧
n	すかんぴん
n	すき だらけ
n	すったもんだ
n	すってんてん
n	すっぽかし
n	すり
n	ずぶ濡れ
n	ずぼら
n	ずる
n	せかせか
n	せき
n	せき 払い
n	せせら笑い
n	せつな さ
n	ぜんそく
n	ぜん息
n	そしり
n	そねみ
n	その 場 しのぎ
n	その 場 逃れ
n	それ きり
n	それ きり ・ それ っきり
n	それ っきり
n	ただれ
n	ただれ 目
n	ためらい 傷
n	ため息
n	たらい回し
n	たるみ
n	だみ声
n	だらし な さ
n	だらだら
n	だらっと
n	だらり と
n	だらんと
n	だる さ
n	だれ 気味
n	ちゃらんぽらん
n	ちょい 役
n	ちょっかい
n	ちょんぼ
n	つじ強盗
n	つっけんどん
n	つまずき
n	つまらな さ
n	つらさ
n	つわり
n	てんかん
n	てんやわんや
n	できもの
n	でこぼこ
n	でたらめ
n	でっち上げ
n	とがめ
n	とがり 声
n	とどめ
n	とばっちり
n	とまどい
n	どぎまぎ
n	どさくさ
n	ど た キャン
n	どら声
n	どんでん返し
n	どん底
n	なぶり殺し
n	なまくら
n	ならず者
n	にきび
n	ぬかるみ
n	ぬか喜び
n	ぬめり
n	ねたまし さ
n	ねたみ
n	ののしり
n	のみ の 心臓
n	のらくら
n	のんべんだらり
n	はしか
n	はずみ
n	はた迷惑
n	はち ゃめちゃ
n	はやり 風邪
n	はやり目
n	はらはら
n	はれ物
n	ばい菌
n	ばか
n	ばかばかし さ
n	ばつ
n	ばらつき
n	ひがみ
n	ひき逃げ
n	ひったくり
n	ひとりよがり
n	ひとり 相撲
n	ひと事
n	ひどさ
n	ひび割れ
n	ひもじ さ
n	ひょう疽
n	ひょっとこ
n	ひ弱
n	びく びく
n	びんた
n	ふがいな さ
n	ふさぎ の 虫
n	ふしだら
n	ふん
n	ぶおとこ
n	ぶおんな
n	ぶきっちょ
n	ぶす
n	ぶっきらぼう
n	へったくれ
n	へっぽこ
n	へなちょこ
n	へぼ
n	へま
n	へんちくりん
n	へんてこ
n	へんとう 炎
n	ぺしゃんこ
n	ほこり
n	ほころび
n	ほとぼり
n	ぼけ
n	ぽか
n	まじり
n	まずさ
n	まちがい
n	まやかし
n	まゆつば物
n	まん延
n	みみずばれ
n	むくみ
n	むし歯
n	むずかし さ
n	むだ
n	むちゃくちゃ
n	むち打ち
n	むなしさ
n	むやみ
n	むやみやたら
n	めちゃ
n	めちゃくちゃ
n	めちゃめちゃ
n	めったやたら
n	めまい
n	めんどう
n	もうろく
n	もだえ
n	もどかし さ
n	ものぐさ
n	もの悲し さ
n	もめ事
n	もやもや
n	もろさ
n	やくざ
n	やけ
n	やけくそ
n	やけっぱち
n	やけっ腹
n	やけど
n	やっつけ仕事
n	やぶ蛇
n	やりきれなさ
n	やり たい 放題
n	やり 過ぎ
n	やるせな さ
n	ゆがみ
n	よこしま
n	よそ事
n	よそ者
n	よどみ
n	らい
n	ろくすっぽ
n	ろくろく
n	わいせつ 行為
n	わがまま
n	わき役
n	わずらわし さ
n	わだかまり
n	アウト
n	アオコ
n	アオリ
n	アカ
n	アクシデント
n	アデノイド
n	アトピー
n	アトピー性皮膚炎
n	アナクロ
n	アバウト
n	アパルトヘイト
n	アフガン戦争
n	アブノーマル
n	アホ
n	アルコール依存症
n	アルコール中毒
n	アルツハイマー
n	アルツハイマー病
n	アル中
n	アレルギー
n	アレルギー 疾患
n	アレルギー性 疾患
n	アレルギー性鼻炎
n	アレルギー 体質
n	アレルゲン
n	アンバランス
n	アンフェア
n	イージー ミス
n	イエローカード
n	イカサマ
n	イジメ
n	イタズラ
n	イビキ
n	イボ
n	イマイチ
n	イメージダウン
n	イヤ
n	イラク 攻撃
n	イラク 侵攻
n	イラク戦争
n	インチキ
n	インテリ
n	インフルエンザ
n	インフルエンザウイルス
n	インフレ
n	インポ
n	インポテンツ
n	ウィーク ポイント
n	ウィルス
n	ウィルス メール
n	ウイークポイント
n	ウイルス
n	ウイルス メール
n	ウイルス感染
n	ウイルス 病
n	ウソ
n	ウツ
n	ウワサ
n	エイズ
n	エゴ
n	エゴイズム
n	エネルギー 不足
n	エマージェンシー
n	エラー
n	エラーメッセージ
n	エラーログ
n	エリート意識
n	エルボー
n	エンスト
n	オーバーフロー
n	オイルショック
n	オイル 漏れ
n	オカルト
n	カウンターパンチ
n	カオス
n	カサカサ
n	カサブタ
n	カス
n	カゼ
n	カビ
n	カユミ
n	カリエス
n	カルシウム 不足
n	カルチャーショック
n	カルマ
n	カンニング
n	ガーゴイル
n	ガス漏れ
n	ガソリン 代
n	ガン
n	ガン 細胞
n	キズ
n	キツイ 言葉
n	キャンセル
n	ギックリ腰
n	ギブス
n	ギャグ
n	ギャング
n	クーデター
n	クビ
n	クモ膜下出血
n	クラッシュ
n	クラミジア
n	クロイツフェルト・ヤコブ病
n	グチ
n	ケアレスミス
n	ケガ
n	ケガレ
n	ケガ人
n	ケチ
n	ケンカ
n	ゲットー
n	ゲリラ
n	ゲロ
n	コースアウト
n	コスト
n	コストアップ
n	コスト 高
n	コスト 面
n	コップ の 中 のあらし
n	コマ 落ち
n	コリ
n	コレステロール
n	コレラ
n	コンパイルエラー
n	コンピューターウィルス
n	コンピュータウイルス
n	コンフリクト
n	コンプレックス
n	ゴキブリ
n	ゴジラ
n	ゴブリン
n	ゴミ
n	サーバー エラー
n	サーバー ダウン
n	サーバ ダウン
n	サービス残業
n	サスペンス
n	サディズム
n	サラ金
n	シックハウス
n	シックハウス症候群
n	シビア
n	シミ
n	シミ ソバカス
n	ショック
n	シワ
n	シンナー
n	ジェラシー
n	ジフテリア
n	ジャミング
n	ジレンマ
n	スイングアウト
n	スカ
n	スキ
n	スキャンダル
n	スギ花粉症
n	スコンク
n	ステータス異常
n	ステレオタイプ
n	スト
n	ストーカー
n	ストーカー 行為
n	ストーカー被害
n	ストイック
n	ストップ
n	ストレス
n	スパイ
n	スパイ 容疑
n	スパムメール
n	スポーツ障害
n	スモッグ
n	スラム
n	スラム街
n	スランプ
n	スリップ
n	スリップ 事故
n	ズレ
n	セキュリティホール
n	セクシュアルハラスメント
n	セクハラ
n	セルライト
n	ゾンビ
n	タイプミス
n	タイムラグ
n	タイム ロス
n	タックル
n	タッチアウト
n	タブー
n	タルミ
n	ダイオキシン
n	ダウン
n	ダニ
n	ダブり
n	ダブルパンチ
n	ダミ声
n	ダメ
n	ダメージ
n	ダメ だ し
n	ダメ出し
n	ダメ人間
n	チープ さ
n	チェーンメール
n	チフス
n	チョップ
n	チンピラ
n	ツケ
n	ヅラ
n	テクニカルノックアウト
n	テスト
n	テロ
n	テロリスト
n	テロリズム
n	テロル
n	テロ攻撃
n	テロ行為
n	テロ事件
n	デーモン
n	デコピン
n	デコボコ
n	デッドボール
n	デッドロック
n	デフレ
n	デフレ不況
n	デブ
n	デマ
n	デマゴギー
n	デメリット
n	トーンダウン
n	トラウマ
n	トラコーマ
n	トラブル
n	トラブル 等
n	トラホーム
n	ドジ
n	ドタキャン
n	ドライアイ
n	ドロ
n	ドロップ
n	ドロップアウト
n	ナショナリズム
n	ナンセンス
n	ニキビ
n	ニキビ跡
n	ニコチン 中毒
n	ヌメリ
n	ネタバレ
n	ネタ切れ
n	ネック
n	ノー コントロール
n	ノー フィッシュ
n	ノイズ
n	ノイローゼ
n	ノックダウン
n	ノルマ
n	ハードル
n	ハズレ
n	ハンセン病
n	ハンデ
n	ハンディ
n	ハンディキャップ
n	ハンデキャップ
n	バーバリズム
n	バイオレンス
n	バイク 事故
n	バカ
n	バカバカし さ
n	バグ
n	バケモノ
n	バセドー病
n	バッシング
n	バッファオーバーフロー
n	バツ
n	バラツキ
n	バンパイア
n	バンプ
n	パーキンソン病
n	パージ
n	パクリ
n	パケット ロス
n	パスミス
n	パニック
n	パニック障害
n	パラドックス
n	パラノイア
n	パワーダウン
n	パワー 不足
n	パンク
n	パンチ
n	ヒール
n	ヒステリー
n	ヒス ノイズ
n	ヒビ
n	ヒポコンデリア
n	ビタミン 不足
n	ビンタ
n	ピッキング
n	ピンぼけ
n	ピンチ
n	ファウル
n	ファジー
n	フィラリア
n	フラストレーション
n	フリーズ
n	フリーター
n	フン
n	ブーイング
n	ブラック
n	ブランク
n	ブリザード
n	ブレ
n	プライバシー 侵害
n	プレッシャー
n	ヘタ
n	ヘタレ
n	ヘドロ
n	ヘマ
n	ヘルニア
n	ヘルペス
n	ヘン
n	ベタ
n	ベトナム戦争
n	ペーソス
n	ペケ
n	ペスト
n	ペナルティ
n	ペナルティー
n	ホームシック
n	ホコリ
n	ホモ
n	ボーク
n	ボケ
n	ボツ
n	ボディーブロー
n	ボディブロー
n	ボヤ
n	ボロボロ
n	ポイ捨て
n	ポリープ
n	ポルノ
n	マイナー
n	マイナス
n	マイナスイメージ
n	マイナス 点
n	マイナス 幅
n	マイナス 面
n	マイナス 要因
n	マグマ
n	マゾヒズム
n	マネ
n	マヒ
n	マフィア
n	マラリア
n	マンネリ
n	マンネリズム
n	マンネリ化
n	ミサイル
n	ミス
n	ミステーク
n	ミスマッチ
n	ミニマム
n	ムダ
n	ムチャ
n	ムラ
n	ムリ
n	メッタ 打ち
n	メモリリーク
n	メモリ 不足
n	メランコリー
n	モノマニア
n	モラルハザード
n	ヤケ
n	ヤニ
n	ヤバ さ
n	ラッシュ
n	リウマチ
n	リコール
n	リスク
n	リストラ
n	リバウンド
n	リューマチ
n	リューマチ 熱
n	リュウマチ
n	リンク切れ
n	リンチ
n	ルーズ
n	ループ
n	レイプ
n	レジオネラ症
n	レジスタンス
n	レッテル
n	レッドパージ
n	ローン
n	ロス
n	ワースト
n	ワーム
n	ワイルドピッチ
n	ワガママ
n	ワキガ
n	ワナ
n	ワンパターン
n	哀し さ
n	哀しみ
n	哀れ
n	哀れ さ
n	哀れみ
n	哀れむ べき
n	哀感
n	哀歓
n	哀傷
n	哀切
n	哀調
n	愛想笑い
n	愛想尽かし
n	愛憎
n	愛別離苦
n	悪
n	悪さ
n	悪意
n	悪運
n	悪影響
n	悪疫
n	悪化
n	悪寒
n	悪感情
n	悪漢
n	悪気
n	悪鬼
n	悪戯
n	悪逆
n	悪業
n	悪玉
n	悪玉コレステロール
n	悪玉菌
n	悪口
n	悪口雑言
n	悪巧み
n	悪行
n	悪事
n	悪疾
n	悪質
n	悪者
n	悪趣
n	悪趣味
n	悪習
n	悪 習慣
n	悪臭
n	悪循環
n	悪女
n	悪神
n	悪人
n	悪酔い
n	悪性
n	悪性リンパ腫
n	悪性腫瘍
n	悪政
n	悪声
n	悪戦苦闘
n	悪相
n	悪態
n	悪代官
n	悪知恵
n	悪党
n	悪道
n	悪徳
n	悪徳業者
n	悪徳商法
n	悪罵
n	悪評
n	悪病
n	悪癖
n	悪法
n	悪魔
n	悪夢
n	悪名
n	圧制
n	圧政
n	圧迫 感
n	圧伏
n	圧服
n	圧服 ・ 圧伏
n	安っぽ さ
n	安易
n	安逸
n	安楽死
n	安請け合い
n	安直
n	暗雲
n	暗黒 面
n	暗殺
n	暗礁
n	暗中模索
n	暗躍
n	依存
n	依存症
n	威圧
n	威圧 感
n	威嚇
n	意気消沈
n	意気阻喪
n	意識障害
n	意識不明
n	意地
n	意地悪
n	為替差損
n	畏縮
n	畏怖
n	異音
n	異観
n	異義
n	異議
n	異質
n	異臭
n	異常
n	異常 さ
n	異常 行動
n	異常事態
n	異常 性
n	異常性欲
n	異常 値
n	異端
n	異物
n	異物混入
n	異変
n	異様
n	異論
n	胃かいよう
n	胃がん
n	胃けいれん
n	胃 カタル
n	胃ガン
n	胃炎
n	胃下垂
n	胃拡張
n	胃癌
n	胃弱
n	胃腸炎
n	胃腸 病
n	胃痛
n	胃潰瘍
n	胃病
n	萎縮
n	萎靡
n	違背
n	違反
n	違法
n	違法コピー
n	違法行為
n	違約
n	違和
n	違和感
n	遺憾
n	遺恨
n	遺体
n	遺髪
n	遺品
n	遺漏
n	医療ミス
n	医療 不信
n	一因
n	一過性
n	一喝
n	一騎討ち
n	一撃
n	一酸化炭素中毒
n	一死
n	一時しのぎ
n	一時逃れ
n	一緒くた
n	一斉 射撃
n	一大事
n	一難
n	一敗
n	一文 なし
n	一辺倒
n	一本調子
n	一揆
n	逸脱
n	因縁
n	因果
n	因業
n	引かれ者の小唄
n	引き立て 役
n	引け目
n	引っ たくり
n	飲み すぎ
n	飲み過ぎ
n	飲み 料
n	淫ら
n	淫行
n	淫売
n	淫欲
n	淫乱
n	院内感染
n	陰り
n	陰萎
n	陰気
n	陰金
n	陰口
n	陰謀
n	隠し事
n	隠蔽
n	宇宙人
n	雨降り
n	雨風
n	雨漏り
n	渦
n	渦中
n	嘘
n	嘘つき
n	運 の 尽き
n	運休
n	運動障害
n	運動不足
n	餌食
n	営業停止
n	影
n	栄養失調
n	栄養 障害
n	栄養 不足
n	液 漏れ
n	疫
n	疫病
n	疫病神
n	厭悪
n	厭 軍
n	厭世
n	厭戦
n	厭戦 気分
n	円形脱毛症
n	延び延び
n	延引
n	延焼
n	怨み
n	怨恨
n	怨敵
n	怨念
n	怨霊
n	怨嗟
n	炎
n	炎症
n	炎上
n	煙
n	煙害
n	猿知恵
n	艶聞
n	遠回り
n	遠島
n	遠慮気味
n	鉛中毒
n	塩害
n	塩辛 さ
n	塩素 臭
n	汚 さ
n	汚れ
n	汚れ役
n	汚職
n	汚職 事件
n	汚水
n	汚染
n	汚染 源
n	汚損
n	汚濁
n	汚泥
n	汚点
n	汚物
n	汚名
n	凹凸
n	往生
n	往復ビンタ
n	押しつけ
n	押し込み 強盗
n	押せ 押せ
n	横やり
n	横 レス
n	横殴り
n	横行
n	横着
n	横風
n	横暴
n	横揺れ
n	横領
n	横恋慕
n	殴打
n	黄砂
n	黄濁
n	臆見
n	臆病
n	俺様
n	温暖化
n	温度 差
n	音質 劣化
n	音痴
n	音漏れ
n	下げ
n	下げ渋り
n	下 の 下
n	下り坂
n	下ネタ
n	下火
n	下 血
n	下手
n	下手くそ
n	下心
n	下品
n	下方修正
n	下野
n	下落
n	下痢
n	化け物
n	化学物質過敏症
n	化膿
n	仮構
n	仮病
n	価格
n	価格 下落
n	加害
n	加害者
n	加虐
n	加担 ・ 荷担
n	可哀想
n	夏ばて
n	夏バテ
n	夏風邪
n	嫁 いびり
n	家賃
n	家庭内暴力
n	果たし合い
n	火の玉
n	火の粉
n	火急
n	火球
n	火災
n	火災事故
n	火砕流
n	火事
n	火事場泥棒
n	火傷
n	火柱
n	火難
n	火 膨れ
n	禍
n	禍害
n	花 盗人
n	花粉症
n	荷担
n	荷 抜き
n	荷厄介
n	課題
n	過ち
n	過去
n	過激
n	過呼吸
n	過誤
n	過失
n	過失致死
n	過小
n	過賞
n	過剰
n	過剰反応
n	過食
n	過食症
n	過信
n	過疎
n	過疎化
n	過怠
n	過大
n	過度
n	過当 競争
n	過熱感
n	過敏
n	過敏 症
n	過 負荷
n	過褒
n	過密
n	過労
n	過労死
n	蚊 の 鳴く よう な 声
n	我執
n	我侭
n	我慢
n	我儘
n	画質 劣化
n	蛾
n	餓え
n	餓鬼
n	餓死
n	解雇
n	解散
n	回り道
n	壊血病
n	壊死
n	壊滅
n	壊滅 的 打撃
n	壊乱
n	壊疽
n	怪し さ
n	怪我
n	怪我人
n	怪漢
n	怪気炎
n	怪事件
n	怪人
n	怪盗
n	怪物
n	怪文書
n	怪聞
n	悔い
n	悔しさ
n	戒厳令
n	戒告
n	戒慎
n	戒飭
n	拐帯
n	改ざん
n	改悪
n	改易
n	改竄
n	晦渋
n	海賊 行為
n	海賊版
n	海難
n	海難事故
n	絵空事
n	外れ
n	外耳炎
n	外傷
n	外敵
n	外道
n	外反母趾
n	外面如菩薩内心如夜叉
n	咳
n	害
n	害悪
n	害虫
n	害毒
n	崖 崩れ
n	慨世
n	慨嘆
n	格下げ
n	格差
n	核戦争
n	核兵器
n	覚醒剤
n	隔たり
n	隔意
n	隔離
n	学級崩壊
n	学習障害
n	学力低下
n	学歴詐称
n	顎関節症
n	掛け声 倒れ
n	掛け 倒れ
n	割高
n	割高感
n	活字離れ
n	渇
n	渇き
n	渇水
n	滑稽
n	滑降
n	滑落
n	葛藤
n	瓦礫
n	乾き 目
n	乾燥肌
n	乾癬
n	冠水
n	寒さ
n	寒気
n	寒心
n	寒村
n	勘ぐり
n	勘違い
n	勘気
n	勘当
n	巻き添え
n	堪忍
n	姦淫
n	完全失業率
n	完敗
n	完封負け
n	官僚主義
n	干ばつ
n	干 ぼし
n	干犯
n	患い
n	患者
n	患部
n	感傷
n	感染
n	感染ルート
n	感染経路
n	感染者
n	感染症
n	感電
n	感冒
n	汗だく
n	環境 悪化
n	環境汚染
n	環境破壊
n	甘えん坊
n	監禁
n	監獄
n	監督責任
n	看板倒れ
n	管見
n	緩慢
n	肝がん
n	肝炎
n	肝癌
n	肝 機能障害
n	肝硬変
n	肝細胞癌
n	肝臓がん
n	肝臓ガン
n	肝臓癌
n	肝臓 障害
n	肝臓 病
n	肝不全
n	艦砲射撃
n	間違い
n	間違い ・ 間違え
n	間違え
n	間隙
n	間質性肺炎
n	間抜け
n	関税
n	関節炎
n	関節痛
n	関東大震災
n	陥没
n	陥落
n	丸見え
n	丸出し
n	丸損
n	含み笑い
n	含み声
n	含み損
n	含む ところ
n	含羞
n	癌
n	癌 細胞
n	眼疾
n	眼精疲労
n	眼 病
n	頑固
n	危う さ
n	危なげ
n	危害
n	危機
n	危機感
n	危急
n	危険
n	危険 箇所
n	危険性
n	危地
n	危篤
n	危篤状態
n	危難
n	危殆
n	器用貧乏
n	奇
n	奇異
n	奇禍
n	奇怪
n	奇観
n	奇形
n	奇効
n	奇襲
n	奇人
n	奇声
n	奇特
n	奇病
n	奇妙
n	奇問
n	忌避
n	忌諱
n	既成 概念
n	既成 事実
n	期待 外れ
n	機会損失
n	機能障害
n	機能 低下
n	機能不全
n	帰ら ぬ 旅
n	気の毒
n	気 ふさぎ
n	気ぶっせい
n	気まず さ
n	気掛かり
n	気管支炎
n	気管支喘息
n	気詰まり
n	気胸
n	気苦労
n	気遣わし さ
n	気後れ
n	気合い 負け
n	気持ち 悪さ
n	気重
n	気随
n	気随 気まま
n	気絶
n	気息奄奄
n	気任せ
n	気疲れ
n	気泡
n	気落ち
n	気鬱
n	記憶障害
n	記憶喪失
n	記入 ミス
n	飢え
n	飢餓
n	飢餓 感
n	飢渇
n	飢饉
n	鬼ばば
n	鬼気
n	鬼女
n	鬼畜
n	亀 レス
n	亀裂
n	偽り
n	偽 言
n	偽者
n	偽証
n	偽善
n	偽装
n	偽造
n	偽物
n	戯言
n	欺瞞
n	犠牲
n	犠牲者
n	疑い
n	疑義
n	疑心
n	疑心暗鬼
n	疑点
n	疑念
n	疑問視
n	疑惑
n	議員辞職
n	吉凶
n	吃音
n	喫煙
n	喫煙者
n	喫緊
n	詰まり
n	詰み
n	却下
n	脚気
n	虐殺
n	虐待
n	逆境
n	逆光
n	逆効果
n	逆恨み
n	逆子
n	逆心
n	逆転負け
n	逆風
n	仇敵
n	休学
n	休刊
n	休電
n	休日出勤
n	吸い殻
n	吸血鬼
n	宮刑
n	急
n	急ぎ
n	急患
n	急死
n	急場 しのぎ
n	急性アルコール中毒
n	急性 肝炎
n	急性 期
n	急性心筋梗塞
n	急性心不全
n	急逝
n	急難
n	急迫
n	急病
n	急変
n	急落
n	救急
n	朽廃
n	求刑
n	泣きどころ
n	泣き言
n	泣き声
n	窮まり
n	窮屈
n	窮屈 さ
n	窮状
n	窮地
n	窮迫
n	窮乏
n	旧怨
n	旧聞
n	居直り強盗
n	居眠り
n	拒食
n	拒食症
n	拒絶反応
n	拒否
n	拒否 反応
n	虚し さ
n	虚偽
n	虚血性心疾患
n	虚言
n	虚言癖
n	虚構
n	虚弱
n	虚弱体質
n	虚心
n	虚勢
n	虚像
n	虚脱 感
n	虚報
n	虚無感
n	虚名
n	虚妄
n	漁業 被害
n	供給 不足
n	共倒れ
n	共犯
n	共謀
n	凶
n	凶悪
n	凶悪事件
n	凶悪犯罪
n	凶器
n	凶荒
n	凶行
n	凶作
n	凶事
n	凶賊
n	凶弾
n	凶変
n	凶報
n	強がり
n	強圧
n	強引
n	強引 さ
n	強姦
n	強行軍
n	強襲
n	強情
n	強制
n	強制 使用
n	強制終了
n	強制送還
n	強制労働
n	強打
n	強奪
n	強敵
n	強盗
n	強盗事件
n	強風
n	強力 犯
n	恐 さ
n	恐れ
n	恐ろし さ
n	恐喝
n	恐慌
n	恐怖
n	恐怖感
n	恐怖症
n	恐怖心
n	恐怖政治
n	恐竜
n	恐惶
n	狂気
n	狂牛病
n	狂犬
n	狂犬病
n	狂言
n	狂信
n	狭 さ
n	狭間
n	狭窄
n	狭心症
n	胸のつかえ
n	胸焼け
n	胸騒ぎ
n	脅迫
n	脅迫電話
n	驚 怖
n	凝滞
n	業
n	業苦
n	業病
n	極悪
n	極寒
n	極刑
n	極端
n	極論
n	玉 に き ず
n	玉砕
n	僅か
n	禁忌
n	禁固
n	禁固刑
n	禁制
n	禁断症状
n	禁物
n	筋腫
n	筋肉痛
n	筋肉 疲労
n	緊急
n	緊急事態
n	緊急 性
n	緊張
n	緊迫
n	緊縛
n	菌
n	謹慎
n	謹慎処分
n	近視
n	近所 迷惑
n	金額
n	金 詰まり
n	金欠
n	金庫破り
n	金食い虫
n	金切り声
n	金属アレルギー
n	金融危機
n	金融 不安
n	銀行強盗
n	苦
n	苦 さ
n	苦し さ
n	苦しみ
n	苦み
n	苦境
n	苦行
n	苦手
n	苦汁
n	苦渋
n	苦笑
n	苦笑い
n	苦情
n	苦節
n	苦戦
n	苦虫
n	苦衷
n	苦痛
n	苦闘
n	苦難
n	苦悩
n	苦杯
n	苦味
n	苦悶
n	苦役
n	苦労
n	愚
n	愚か さ
n	愚挙
n	愚見
n	愚行
n	愚作
n	愚痴
n	愚問
n	虞
n	虞犯
n	空き巣
n	空き巣 ねらい
n	空し さ
n	空 っけ つ
n	空 下手
n	空虚
n	空隙
n	空言
n	空襲
n	空笑い
n	空振り
n	空中楼閣
n	空転
n	空洞化
n	空念仏
n	空売り
n	空費
n	空腹
n	空腹 感
n	空名
n	屑
n	屈辱
n	屈辱 感
n	屈託
n	群盗
n	軍事攻撃
n	軍費
n	係争
n	傾国
n	刑
n	刑事事件
n	刑事罰
n	刑罰
n	刑務
n	刑務所
n	珪肺
n	型破り
n	形式
n	景気後退
n	経営危機
n	経営難
n	経営破綻
n	経験 不足
n	経済危機
n	経済制裁
n	経済的 損失
n	経済 不況
n	経済 封鎖
n	経費
n	荊棘
n	警戒
n	警戒 心
n	警告 音
n	警鐘
n	警笛
n	軽傷
n	軽症
n	軽信
n	軽薄
n	軽犯罪
n	軽率
n	劇痛
n	撃墜
n	激震
n	激痛
n	激痛 ・ 劇痛
n	激怒
n	激動
n	激務
n	隙
n	隙間風
n	欠
n	欠課
n	欠格
n	欠陥
n	欠航
n	欠 講
n	欠場
n	欠席
n	欠損
n	欠点
n	欠如
n	欠 品
n	欠乏
n	欠落
n	欠礼
n	決定力不足
n	決闘
n	結核
n	結核 患者
n	結核 菌
n	結石
n	結膜炎
n	血 しぶき
n	血 だらけ
n	血の道
n	血まみれ
n	血行 障害
n	血行 不良
n	血祭り
n	血栓
n	血栓症
n	血糖
n	血糖値
n	血反吐
n	血目
n	血友病
n	血痰
n	月経 痛
n	月曜 病
n	倦怠
n	倦怠 感
n	健康障害
n	健康被害
n	健康 問題
n	健忘症
n	剣戟
n	喧嘩
n	喧騒 ・ 喧噪
n	喧噪
n	嫌
n	嫌い
n	嫌がらせ
n	嫌悪
n	嫌悪感
n	嫌煙
n	嫌忌
n	嫌気
n	嫌疑
n	嫌味
n	懸 濁
n	懸念
n	検挙
n	権利 侵害
n	権力 争い
n	権力闘争
n	牽制
n	肩こり
n	肩 凝り
n	肩透かし
n	見え 見え
n	見せしめ
n	見掛け倒し
n	見当 違い
n	見劣り
n	険
n	険し さ
n	原因
n	原罪
n	原爆症
n	原爆投下
n	厳しさ
n	厳格
n	厳寒
n	厳禁
n	厳刑
n	厳罰
n	幻影
n	幻覚
n	幻聴
n	幻滅
n	減価
n	減収
n	減衰
n	減退
n	減点
n	現行犯
n	現代病
n	言いなり
n	言い過ぎ
n	言い争い
n	言い訳
n	言い立て
n	言語障害
n	言動
n	言葉 足らず
n	限り
n	限界
n	限度
n	古臭 さ
n	古拙
n	呼吸器疾患
n	呼吸器 病
n	呼吸停止
n	呼吸不全
n	固持
n	固執
n	固定観念
n	孤軍奮闘
n	孤独
n	孤独感
n	孤立
n	孤立化
n	孤立 感
n	戸惑い
n	故障
n	故人
n	枯死
n	狐
n	狐疑
n	糊塗
n	胡散臭 さ
n	虎口 の 難
n	誇大妄想
n	誇張
n	雇用 不安
n	五月病
n	後れ
n	後ろめた さ
n	後遺症
n	後回し
n	後悔
n	後継者 不足
n	後顧
n	後顧 の 憂い
n	後手
n	後退
n	後 知恵
n	後難
n	後腐れ
n	御難
n	御免
n	語弊
n	誤り
n	誤解
n	誤記
n	誤差
n	誤算
n	誤字
n	誤字脱字
n	誤植
n	誤信
n	誤審
n	誤断
n	誤認
n	誤爆
n	誤謬
n	誤報
n	誤訳
n	誤用
n	護摩 の 灰
n	乞食
n	交通 混雑
n	交通 死亡事故
n	交通事故
n	交通 渋滞
n	交通戦争
n	交通 麻痺
n	光化学スモッグ
n	光害
n	光熱費
n	公害
n	公害問題
n	公傷
n	口げんか
n	口喧嘩
n	口呼吸
n	口臭
n	口蹄疫
n	口内炎
n	口癖
n	口論
n	向こう 意気
n	垢
n	好き嫌い
n	好き 勝手
n	好き 放題
n	慌ただし さ
n	抗議
n	抗戦
n	抗争
n	拘束
n	拘泥
n	拘留
n	控訴
n	攻勢
n	更迭
n	更年期
n	更年期障害
n	洪水
n	硬直
n	稿
n	考え違い
n	航空機事故
n	荒々し さ
n	荒 さ
n	荒れ野
n	荒仕事
n	荒唐無稽
n	荒波
n	荒廃
n	荒蕪
n	行き過ぎ
n	行き詰まり
n	行き悩み
n	行刑
n	行方不明者
n	行旅 病者
n	行路病者
n	降灰
n	降格
n	降板
n	高血圧
n	高血圧症
n	高山病
n	高脂血症
n	高騰
n	高熱
n	合併症
n	拷問
n	克己
n	告発
n	国家主権
n	国外追放
n	国禁
n	国事犯
n	国難
n	酷寒
n	酷刑
n	酷使
n	酷暑
n	酷評
n	黒ずみ
n	黒煙
n	黒星
n	黒内障
n	黒 変
n	黒幕
n	獄
n	獄中
n	腰痛
n	骨
n	骨惜しみ
n	骨折
n	骨粗鬆症
n	骨肉の争い
n	困却
n	困窮
n	困苦
n	困難
n	困難 さ
n	困難 性
n	困惑
n	困憊
n	恨
n	恨み
n	恨みっこ
n	恨みつらみ
n	恨めし さ
n	恨事
n	懇願
n	昏倒
n	根なし
n	根腐れ
n	根本 原因
n	混じり気
n	混雑
n	混信
n	混戦
n	混濁
n	混沌
n	混入
n	混乱
n	些事
n	左利き
n	差
n	差し込み
n	差し支え
n	差し障り
n	差し戻し
n	差押
n	差別
n	差別意識
n	詐欺
n	鎖国
n	坐骨神経痛
n	座礁
n	挫折
n	挫折感
n	債券
n	債権
n	債権放棄
n	債務
n	債務超過
n	再生不良性貧血
n	再発
n	再発 率
n	再犯
n	最悪
n	最期
n	最小限
n	最低
n	災
n	災い
n	災禍
n	災害
n	災難
n	災厄
n	細菌
n	細菌 感染
n	細事
n	在庫切れ
n	罪
n	罪悪
n	罪悪感
n	罪科
n	罪過
n	罪業
n	罪障
n	罪状
n	罪深 さ
n	財産刑
n	財政危機
n	財政赤字
n	財政難
n	阪神淡路大震災
n	作り事
n	作り笑い
n	作り声
n	作り話
n	作為
n	搾取
n	錯誤
n	擦り傷
n	擦過傷
n	殺し
n	殺意
n	殺害
n	殺気
n	殺人
n	殺人鬼
n	殺人罪
n	殺人事件
n	殺人未遂
n	殺人容疑
n	殺生
n	殺風景
n	殺戮
n	雑音
n	雑菌
n	雑言
n	雑事
n	雑念
n	雑報
n	雑務
n	雑役
n	雑用
n	錆
n	三すくみ
n	三悪道
n	三振
n	三流
n	山火事
n	山気
n	山賊
n	惨め
n	惨禍
n	惨害
n	惨苦
n	惨劇
n	惨事
n	惨状
n	惨敗
n	惨落
n	散逸
n	散財
n	散散
n	散漫
n	散乱
n	産み の 苦しみ
n	産業廃棄物
n	酸
n	酸欠
n	酸欠 状態
n	酸性雨
n	酸素 不足
n	斬 撃
n	残虐
n	残虐 行為
n	残業
n	残酷
n	残酷 さ
n	残暑
n	残敵
n	残党
n	残念
n	仕打ち
n	仕置き
n	仕返し
n	使い すぎ
n	使役
n	使用 感
n	使用制限
n	使用料
n	刺客
n	刺傷
n	四苦八苦
n	始末
n	始末書
n	子宮筋腫
n	子宮内膜症
n	子供っぽ さ
n	屍
n	市街戦
n	志 なかば
n	思い違い
n	思い過ごし
n	思い込み
n	思案投げ首
n	指しゃぶり
n	指摘
n	支出
n	支障
n	支配
n	支離滅裂
n	枝 毛
n	枝葉末節
n	死
n	死に場所
n	死に神
n	死に体
n	死骸
n	死角
n	死期
n	死球
n	死去
n	死刑
n	死刑判決
n	死語
n	死罪
n	死産
n	死者
n	死出の旅
n	死傷 者
n	死人
n	死線
n	死相
n	死体
n	死地
n	死闘
n	死病
n	死亡
n	死亡 者
n	死没
n	死魔
n	死滅
n	死霊
n	私怨
n	私曲
n	私 恨
n	私傷
n	私情
n	紙 詰まり
n	紫 班 病
n	脂肪
n	脂肪肝
n	至難の業
n	視覚障害
n	視線
n	視野狭窄
n	視力 障害
n	視力低下
n	試験
n	資金繰り
n	資金 難
n	資金不足
n	雌伏
n	歯がゆ さ
n	歯ぎしり
n	歯垢
n	歯周病
n	歯石
n	歯槽膿漏
n	歯痛
n	歯肉炎
n	事件
n	事件 事故
n	事故
n	事故死
n	事故 等
n	事故 発生
n	事後承諾
n	事実誤認
n	事実無根
n	事態
n	事犯
n	事変
n	似非
n	児童ポルノ
n	児童虐待
n	児童買春
n	持ち逃げ
n	持病
n	時間 不足
n	時効
n	時差
n	時差ぼけ
n	時差ボケ
n	時代錯誤
n	時代遅れ
n	次男
n	痔
n	痔核
n	痔瘻
n	耳下腺炎
n	耳障り
n	耳鳴り
n	自家中毒
n	自棄
n	自虐
n	自虐史観
n	自業自得
n	自己犠牲
n	自己嫌悪
n	自己矛盾
n	自己免疫疾患
n	自作自演
n	自殺
n	自殺 者
n	自殺点
n	自主回収
n	自粛
n	自然災害
n	自然破壊
n	自 損
n	自堕落
n	自動車事故
n	自爆
n	自爆テロ
n	自爆 攻撃
n	自分勝手
n	自閉症
n	自暴自棄
n	自由刑
n	自律神経失調症
n	辞意
n	七難
n	七難八苦
n	七面倒
n	叱声
n	叱責
n	叱咤
n	執心
n	執着
n	執念
n	執拗
n	失意
n	失格
n	失脚
n	失業
n	失業者
n	失敬
n	失 血
n	失言
n	失語症
n	失効
n	失策
n	失笑
n	失心
n	失神
n	失神 ・ 失心
n	失政
n	失速
n	失態
n	失 着
n	失調
n	失点
n	失投
n	失当
n	失敗
n	失望
n	失望感
n	失明
n	失礼
n	失恋
n	嫉視
n	嫉妬
n	湿疹
n	疾患
n	疾病
n	質問攻め
n	実害
n	実刑
n	実 損
n	捨て鉢
n	社会的弱者
n	社会不安
n	車上荒らし
n	車 酔い
n	遮断
n	蛇行
n	邪
n	邪悪
n	邪気
n	邪 鬼
n	邪曲
n	邪見
n	邪推
n	邪知
n	邪念
n	邪魔
n	邪魔者
n	邪魔 物
n	邪魔 物 ・ 邪魔者
n	邪魔 立て
n	邪欲
n	邪恋
n	借り
n	借金
n	借財
n	若気 の 過ち
n	若気の至り
n	若葉マーク
n	寂
n	寂し さ
n	寂声
n	寂滅
n	寂寥
n	寂寥感
n	弱
n	弱 さ
n	弱み
n	弱音
n	弱化
n	弱気
n	弱腰
n	弱者
n	弱小
n	弱体
n	弱敵
n	弱点
n	主 罪
n	主従
n	主導権 争い
n	取りこぼし
n	取り越し苦労
n	取り消し
n	取引
n	取消
n	手ブレ
n	手違い
n	手一杯
n	手間
n	手詰まり
n	手口
n	手向かい
n	手込め
n	手錠
n	手数
n	手数料
n	手前勝手
n	手足口病
n	手遅れ
n	手刀
n	手抜かり
n	手抜き
n	手不足
n	手癖
n	手落ち
n	種切れ
n	腫
n	腫れ
n	腫れ物
n	腫脹
n	腫物
n	腫瘍
n	酒飲み
n	酒気
n	酒色
n	酒癖
n	酒乱
n	首吊り
n	受験 競争
n	受験戦争
n	受動喫煙
n	受難
n	呪
n	呪い
n	呪術
n	呪縛
n	呪詛
n	樹海
n	囚人
n	収容所
n	就職難
n	修正 箇所
n	修正 点
n	修羅
n	修羅場
n	愁い
n	愁い ・ 愁え
n	愁え
n	愁傷
n	愁訴
n	愁嘆
n	愁 悲
n	秋気
n	終焉
n	臭 さ
n	臭気
n	臭味
n	襲撃
n	集団感染
n	集中砲火
n	醜
n	醜 さ
n	醜悪
n	醜行
n	醜女
n	醜態
n	醜聞
n	醜名
n	住宅ローン
n	住宅 難
n	充血
n	十二指腸 潰瘍
n	柔
n	渋み
n	渋滞
n	獣
n	獣欲
n	縦 割り
n	縦割り行政
n	重し
n	重圧
n	重荷
n	重過失
n	重患
n	重苦し さ
n	重刑
n	重罪
n	重傷
n	重症
n	重症 化
n	重症急性呼吸器症候群
n	重税
n	重体
n	重態
n	重態 ・ 重体
n	重大 事件
n	重大 事故
n	重度
n	重篤
n	重罰
n	重犯
n	重病
n	重複
n	重労働
n	銃撃
n	銃撃 戦
n	宿怨
n	宿題
n	宿敵
n	宿便
n	粛正
n	粛清
n	出っ歯
n	出過ぎ
n	出血 多量
n	出血 量
n	出場停止
n	出水
n	出遅れ
n	出入り 禁止
n	出費
n	出不精
n	出癖
n	出来 過ぎ
n	出来損ない
n	出来物
n	春情
n	循環 障害
n	殉教者
n	準備 不足
n	処罰
n	処分
n	処理落ち
n	初 学者
n	初感染
n	初犯
n	所払い
n	暑さ
n	書き込み エラー
n	助長
n	女性差別
n	女 日照り
n	女癖
n	除名
n	傷
n	傷 だらけ
n	傷み
n	傷害
n	傷害事件
n	傷害致死
n	傷口
n	傷痕
n	傷者
n	傷心
n	傷跡
n	傷病
n	傷病 兵
n	勝手
n	勝手 気まま
n	勝手次第
n	商業主義
n	将来 不安
n	小じわ
n	小 過
n	小競り合い
n	小径
n	小言
n	小細工
n	小事
n	小太り
n	小敵
n	小難
n	小物
n	小変
n	小味
n	少年犯罪
n	床ずれ
n	消化不良
n	消極
n	消失
n	消沈
n	消費者 被害
n	消費電力
n	消耗
n	消耗 戦
n	焼きもち
n	焼失
n	焦り
n	焦燥
n	焦燥感
n	焦眉の急
n	症
n	症候群
n	症例
n	衝撃
n	衝撃波
n	衝動
n	衝突
n	象皮病
n	障り
n	障害
n	障碍
n	障壁
n	乗り物酔い
n	冗談
n	場つなぎ
n	場違い
n	場所ふさぎ
n	場打て
n	常識 外れ
n	情けな さ
n	情け 知らず
n	情け 無用
n	情緒障害
n	情痴
n	情報操作
n	情報不足
n	情報漏洩
n	情欲
n	擾乱
n	状態異常
n	蒸し暑 さ
n	蒸し返し
n	植民地 化
n	植民地支配
n	色覚異常
n	色情
n	色欲
n	色 落ち
n	食い違い
n	食い 過ぎ
n	食い合わ せ
n	食い扶持
n	食い料
n	食べかす
n	食べ すぎ
n	食べず嫌い
n	食べ 過ぎ
n	食わず嫌い
n	食言
n	食傷
n	食中毒
n	食中毒 事件
n	食 当たり
n	食道がん
n	食欲 不振
n	食料不足
n	食糧難
n	食糧不足
n	伸び悩み
n	信用 不安
n	侵害
n	侵害行為
n	侵攻
n	侵食
n	侵入
n	侵入者
n	侵略
n	侵略行為
n	侵略戦争
n	寝たきり
n	寝たきり 老人
n	寝 ばれ
n	寝汗
n	寝言
n	寝不足
n	寝癖
n	寝坊
n	心気症
n	心筋梗塞
n	心 懸かり
n	心細さ
n	心残り
n	心疾患
n	心神喪失
n	心神耗弱
n	心身症
n	心臓マヒ
n	心臓疾患
n	心臓発作
n	心臓病
n	心臓麻痺
n	心置き
n	心痛
n	心停止
n	心得違い
n	心配
n	心配 事
n	心配 性
n	心拍数
n	心 肥大
n	心不全
n	心霊写真
n	心労
n	慎み
n	慎 独
n	新 患
n	新型肺炎
n	森林破壊
n	浸食
n	浸水
n	浸水 被害
n	深刻
n	深刻化
n	深憂
n	真似
n	神経 過敏
n	神経質
n	神経症
n	神経症 状
n	神経障害
n	神経衰弱
n	神経痛
n	神罰
n	身 から 出 た さび
n	身の程
n	身勝手
n	身体症状
n	身体障害
n	身売り
n	辛苦
n	辛口
n	辛酸
n	辛労
n	辛労辛苦
n	針
n	針のむしろ
n	針小棒大
n	震え
n	震災
n	震撼
n	震駭
n	人おじ
n	人ごみ
n	人でなし
n	人員削減
n	人間 嫌い
n	人嫌い
n	人権侵害
n	人権問題
n	人見知り
n	人口減少
n	人工妊娠中絶
n	人混み
n	人材不足
n	人事不省
n	人手不足
n	人種差別
n	人身事故
n	人的被害
n	人非人
n	人面獣心
n	人類滅亡
n	人恋し さ
n	刃 こぼれ
n	刃向かい
n	刃傷 ざた
n	塵
n	塵肺
n	腎 炎
n	腎機能障害
n	腎臓 病
n	腎不全
n	腎盂炎
n	陣痛
n	図星
n	吹き出もの
n	吹き出物
n	水 ばれ
n	水アカ
n	水禍
n	水害
n	水垢
n	水子
n	水質汚染
n	水質汚濁
n	水腫
n	水虫
n	水痘
n	水頭症
n	水難
n	水難事故
n	水入り
n	水不足
n	水 膨れ
n	水没
n	水俣病
n	水 漏れ
n	水疱
n	水疱瘡
n	睡眠障害
n	睡眠不足
n	衰え
n	衰運
n	衰残
n	衰弱
n	衰退
n	衰微
n	衰亡
n	衰滅
n	髄膜炎
n	数奇
n	世界 支配
n	世界 戦争
n	世界大戦
n	世間 知らず
n	世襲
n	世俗
n	制圧
n	制裁
n	制止
n	制度 疲労
n	制約
n	制約 条件
n	勢力 争い
n	性感染症
n	性差別
n	性的興奮
n	性同一性障害
n	性能 低下
n	性犯罪
n	性病
n	性 暴力
n	成人病
n	成敗
n	政治犯
n	政治不信
n	政治 腐敗
n	政略結婚
n	星 目
n	正当化
n	生み ・ 産み の 苦しみ
n	生み の 苦しみ
n	生ゴミ
n	生意気
n	生育 障害
n	生活苦
n	生活習慣病
n	生活 難
n	生活排水
n	生殺し
n	生臭 さ
n	生理痛
n	生理 不順
n	生霊
n	精神 汚染
n	精神疾患
n	精神障害
n	精神的ダメージ
n	精神的苦痛
n	精神的 疲労
n	精神病
n	精神分裂症
n	精神分裂病
n	精神 崩壊
n	西南戦争
n	逝去
n	青 そこひ
n	青 びょう たん
n	青鬼
n	青臭 さ
n	青 息
n	静脈瘤
n	税負担
n	脆 さ
n	脆弱
n	惜敗
n	石油ショック
n	石油 危機
n	積怨
n	脊髄 カリエス
n	責
n	責め苦
n	赤錆
n	赤字
n	赤字経営
n	赤潮
n	赤点
n	赤貧
n	赤目
n	赤痢
n	切な さ
n	切り捨て
n	切り傷
n	切れ端
n	切実
n	切迫
n	切腹
n	拙攻
n	拙作
n	接触 不良
n	摂食障害
n	折檻
n	設定 ミス
n	窃取
n	窃盗
n	説明 不足
n	雪害
n	雪崩
n	雪盲
n	絶
n	絶息
n	絶版
n	絶望
n	絶望 感
n	絶望的
n	絶命
n	絶滅
n	舌禍
n	舌足らず
n	舌打ち
n	先行き 不透明感
n	先細り
n	先制 パンチ
n	先 太り
n	先入観
n	千辛万苦
n	千編一律
n	千慮の一失
n	占領
n	宣戦布告
n	専横
n	戦火
n	戦禍
n	戦災
n	戦死
n	戦死 者
n	戦場
n	戦争
n	戦争責任
n	戦争犯罪
n	戦闘
n	戦敗
n	戦犯
n	戦費
n	戦没
n	浅見
n	浅知恵
n	煽り
n	穿鑿 好き
n	船 酔い
n	選り好み
n	遷化
n	前科
n	前立腺がん
n	前立腺癌
n	前立腺 肥大
n	前立腺肥大症
n	漸騰
n	漸落
n	全壊
n	全損
n	全敗
n	全滅
n	全面戦争
n	疎外 感
n	粗
n	粗 さ
n	粗悪
n	粗忽
n	粗相
n	素人
n	訴え
n	阻害
n	倉庫 荒し
n	喪失
n	喪失感
n	喪心
n	喪心 ・ 喪神
n	喪神
n	壮絶
n	早とちり
n	早口
n	早退
n	早 発 性 痴呆
n	早漏
n	巣窟
n	争
n	争い
n	争奪戦
n	争乱
n	相互依存 関係
n	総 すか ん
n	総スカン
n	総 攻撃
n	総崩れ
n	蒼白
n	遭難
n	遭難 者
n	霜害
n	騒がし さ
n	騒ぎ
n	騒音
n	騒動
n	騒乱
n	増水
n	増税
n	憎 さ
n	憎しみ
n	憎まれ役
n	憎らし さ
n	憎悪
n	憎憎し さ
n	造反
n	息の根
n	息苦し さ
n	息切れ
n	束縛
n	足止め
n	足弱
n	足切り
n	足踏み
n	足踏み状態
n	足癖
n	足枷
n	速度 低下
n	俗
n	俗化
n	俗情
n	俗世
n	俗世間
n	俗念
n	賊
n	賊徒
n	続伸
n	続落
n	卒去
n	卒中
n	卒倒
n	損じ
n	損壊
n	損害
n	損害賠償
n	損害賠償 責任
n	損失
n	損傷
n	他界
n	他殺
n	多血質
n	多重債務
n	多 動
n	多 尿
n	多忙
n	太りすぎ
n	太刀打ち
n	唾棄
n	堕落
n	惰性
n	惰性 的
n	打ち 間違い
n	打ち傷
n	打ち身
n	打ち切り
n	打撃
n	打算
n	打撲
n	打擲
n	駄 スレ
n	駄作
n	駄文
n	駄目
n	駄目 出し
n	体刑
n	体脂肪
n	体脂肪率
n	体重
n	体重 増加
n	体調不良
n	体罰
n	体力 差
n	体力 低下
n	体力 不足
n	堆積
n	対岸の火事
n	対空砲火
n	対抗
n	対人 恐怖
n	対人恐怖症
n	対陣
n	対立
n	帯状疱疹
n	待ちぼうけ
n	待ち時間
n	怠け
n	怠け者
n	怠惰
n	怠慢
n	滞り
n	滞納
n	胎毒
n	袋叩き
n	退化
n	退会
n	退学
n	退屈
n	退行
n	退場処分
n	退色
n	退廃
n	退廃 ・ 頽廃
n	退部
n	退歩
n	逮捕
n	代償
n	台風
n	台無し
n	大げさ
n	大ざっぱ
n	大まか
n	大 ダメージ
n	大 ブーイング
n	大火災
n	大過
n	大 怪我
n	大喝
n	大患
n	大 間違い
n	大気汚染
n	大 飢饉
n	大儀
n	大 虐殺
n	大逆
n	大 泣き
n	大凶
n	大恐慌
n	大袈裟
n	大型 倒産
n	大 喧嘩
n	大洪水
n	大災害
n	大罪
n	大雑把
n	大惨事
n	大 事故
n	大 失態
n	大 失敗
n	大 渋滞
n	大震災
n	大水
n	大 水害
n	大雪
n	大戦
n	大戦争
n	大損
n	大 損害
n	大 打撃
n	大地震
n	大腸がん
n	大腸 ガン
n	大腸癌
n	大腸菌
n	大津波
n	大敵
n	大東亜戦争
n	大盗
n	大難
n	大破
n	大敗
n	大 爆発
n	大 被害
n	大病
n	大風
n	大変
n	大便
n	大味
n	大 迷惑
n	大目玉
n	大厄
n	大量 失点
n	第 １ 次 世界大戦
n	第一次世界大戦
n	第一次大戦
n	第二次世界大戦
n	第二次大戦
n	濁り
n	叩き
n	奪い合い
n	脱臼
n	脱水 症状
n	脱税
n	脱線
n	脱走
n	脱腸
n	脱法
n	脱落
n	脱落 者
n	脱力感
n	脱輪
n	脱疽
n	棚卸し
n	丹毒
n	単調
n	単調 さ
n	単独 犯
n	嘆
n	嘆かわし さ
n	嘆き
n	炭肺
n	短気
n	短所
n	短命
n	端役
n	胆汁質
n	胆石
n	弾圧
n	断罪
n	断水
n	断絶
n	断線
n	断腸
n	断腸の思い
n	断念
n	断片
n	断末魔
n	段差
n	男嫌い
n	男女 差
n	男女差別
n	男 日照り
n	談合
n	値上げ
n	値段
n	値崩れ
n	知識不足
n	知的障害
n	知能犯
n	地 ばれ
n	地域格差
n	地域差
n	地域紛争
n	地下鉄サリン事件
n	地獄
n	地震
n	地盤沈下
n	地味
n	地雷
n	恥
n	恥さらし
n	恥ずかし さ
n	恥辱
n	恥部
n	痴ほう
n	痴漢
n	痴漢 行為
n	痴情
n	痴呆
n	痴呆症
n	痴話 げんか
n	稚拙
n	置いてきぼり
n	置き引き
n	致死
n	致命
n	致命傷
n	遅 さ
n	遅れ
n	遅ればせ
n	遅れ馳せ
n	遅延
n	遅刻
n	遅参
n	遅滞
n	遅知恵
n	蓄積
n	蓄膿症
n	窒息
n	着道楽
n	中だるみ
n	中古
n	中止
n	中耳炎
n	中傷
n	中性脂肪
n	中絶
n	中断
n	中途
n	中途半端
n	中毒
n	昼夜逆転
n	注意
n	虫の息
n	虫刺され
n	虫歯
n	虫食い
n	虫垂炎
n	駐車違反
n	著作権違反
n	著作権侵害
n	著作権侵害 行為
n	凋落
n	弔い
n	徴収
n	徴用
n	懲らしめ
n	懲戒
n	懲戒処分
n	懲罰
n	懲役
n	朝鮮戦争
n	朝令暮改
n	聴覚障害
n	聴力障害
n	腸カタル
n	腸チフス
n	腸炎
n	腸捻転 症
n	腸閉塞
n	超過
n	超過 料金
n	長期欠席
n	長期入院
n	長欠
n	長時間労働
n	長逝
n	長嘆
n	鳥インフルエンザ
n	鳥 害
n	鳥肌
n	鳥目
n	直撃 弾
n	沈滞
n	沈滞 ムード
n	沈着
n	沈没
n	沈淪
n	沈湎
n	珍奇
n	珍事
n	珍味
n	珍妙
n	珍無類
n	珍問
n	賃下げ
n	賃金格差
n	陳情
n	陳腐 化
n	津波
n	墜落
n	墜落事故
n	椎間板ヘルニア
n	追いはぎ
n	追い上げ
n	追い立て
n	追っ手
n	追加 料金
n	追手
n	追突 事故
n	痛
n	痛々し さ
n	痛 さ
n	痛まし さ
n	痛み
n	痛感
n	痛苦
n	痛恨
n	痛恨 事
n	痛手
n	痛心
n	痛 打
n	痛嘆
n	痛罵
n	痛風
n	痛烈
n	痛哭
n	痛痒
n	通り魔
n	通貨危機
n	通勤ラッシュ
n	通行止め
n	通風
n	椿事
n	潰し
n	潰走
n	潰瘍
n	吊るし上 げ
n	低下
n	低血圧
n	低血圧症
n	低調
n	低迷
n	低迷 期
n	低迷 状態
n	低落
n	低利
n	停学
n	停学 処分
n	停職
n	停戦
n	停滞
n	停滞 感
n	停滞 期
n	停電
n	停頓
n	定員割れ
n	抵抗
n	抵抗 感
n	抵抗勢力
n	締め出し
n	締め付け
n	訂正 箇所
n	泥
n	泥沼
n	泥沼化
n	泥水
n	泥酔 状態
n	泥棒
n	泥 流
n	摘発
n	敵
n	敵意
n	敵対
n	敵対心
n	敵 兵
n	敵役
n	敵愾心
n	的外れ
n	溺愛
n	溺死
n	轍
n	鉄欠乏性貧血
n	鉄拳
n	鉄砲水
n	天候不順
n	天災
n	天然痘
n	天敵
n	天罰
n	天罰てきめん
n	天誅
n	店じまい
n	転嫁
n	転倒
n	転倒 事故
n	転落
n	転落事故
n	伝染
n	伝染病
n	伝 線
n	田虫
n	電気ショック
n	電気代
n	電撃
n	電磁波
n	電池切れ
n	電波
n	電波障害
n	電力危機
n	電話 代
n	吐き気
n	吐血
n	吐息
n	吐瀉物
n	塗炭の苦しみ
n	妬心
n	徒刑
n	徒手空拳
n	徒費
n	徒労 感
n	登校拒否
n	登仙
n	途上
n	土気色
n	土砂災害
n	土砂崩れ
n	土石流
n	怒り
n	怒りっぽ さ
n	怒気
n	怒号
n	怒声
n	怒鳴り 声
n	倒壊
n	倒産
n	凍結
n	凍死
n	凍傷
n	凍瘡
n	島流し
n	悼み
n	投げやり
n	投棄
n	投獄
n	東海地震
n	盗
n	盗み
n	盗み 笑い
n	盗掘
n	盗作
n	盗人
n	盗賊
n	盗賊団
n	盗聴
n	盗電
n	盗難
n	盗難被害
n	盗犯
n	盗癖
n	当たり障り
n	当座しのぎ
n	当惑
n	痘瘡
n	糖尿
n	糖尿病
n	統合失調症
n	逃避
n	逃避行
n	逃亡
n	逃亡 生活
n	頭でっかち
n	頭痛
n	頭痛 鉢巻き
n	騰貴
n	騰落
n	闘病生活
n	働き 過ぎ
n	動作 不良
n	動脈硬化
n	動脈硬化症
n	動脈瘤
n	動揺
n	動乱
n	動悸
n	同時多発テロ
n	同病
n	同憂
n	童貞
n	胴間声
n	道化 役
n	道 半ば
n	得手勝手
n	特攻
n	毒
n	毒ガス
n	毒液
n	毒気
n	毒殺
n	毒 状態
n	毒性
n	毒舌
n	毒素
n	毒電波
n	毒 当たり
n	毒婦
n	毒霧
n	独裁
n	独裁者
n	独善
n	独善的
n	独断
n	読み癖
n	凸凹
n	突き
n	突き 傷
n	突き 目
n	頓挫
n	頓着
n	曇り 声
n	鈍 さ
n	鈍化
n	鈍感
n	鈍才
n	鈍痛
n	内ゲバ
n	内気
n	内出血
n	内戦
n	内争
n	内臓脂肪
n	内臓 疾患
n	内部 結露
n	内部 分裂
n	内紛
n	内憂外患
n	内乱
n	内輪 げんか
n	内輪もめ
n	内輪 争い
n	内訌
n	軟弱
n	難
n	難解
n	難関
n	難儀
n	難局
n	難 工事
n	難航
n	難産
n	難事
n	難渋
n	難所
n	難症
n	難色
n	難船
n	難題
n	難 中 の 難事
n	難聴
n	難 敵
n	難点
n	難 度
n	難破
n	難病
n	難癖
n	難民
n	難問
n	二の足
n	二次 感染
n	二次災害
n	二次 障害
n	二次被害
n	二心
n	二日酔い
n	二枚舌
n	二律背反
n	二流
n	肉腫
n	肉食妻帯
n	肉弾 戦
n	肉欲
n	日射病
n	日照 不足
n	日清戦争
n	日中戦争
n	日本脳炎
n	乳がん
n	乳ガン
n	乳癌
n	乳腺炎
n	乳房 炎
n	入寂
n	入定
n	入滅
n	入力ミス
n	尿失禁
n	尿毒症
n	尿路結石
n	妊娠中毒症
n	忍
n	忍び笑い
n	認識不足
n	濡れ衣
n	猫なで声
n	猫背
n	熱 感
n	熱射病
n	熱傷
n	熱中症
n	熱病
n	熱暴走
n	捻挫
n	粘液質
n	粘着
n	悩まし さ
n	悩み
n	濃霧
n	脳こうそく
n	脳しんとう
n	脳溢血
n	脳炎
n	脳血管障害
n	脳血栓
n	脳梗塞
n	脳硬塞
n	脳挫傷
n	脳 塞栓
n	脳死
n	脳腫瘍
n	脳充血
n	脳出血
n	脳症
n	脳障害
n	脳震盪
n	脳脊髄膜炎
n	脳卒中
n	脳内出血
n	脳軟化症
n	脳病
n	脳貧血
n	膿
n	膿 腫
n	膿疱
n	膿瘍
n	覗き
n	波風
n	波瀾
n	破たん
n	破れ
n	破れかぶれ
n	破壊
n	破戒
n	破産
n	破傷風
n	破損
n	破綻
n	破断
n	破談
n	破調
n	破天荒
n	破片
n	破滅
n	破門
n	破約
n	破裂
n	罵声
n	罵倒
n	罵詈
n	罵詈雑言
n	罵詈讒謗
n	馬鹿
n	馬鹿馬鹿し さ
n	馬賊
n	廃り
n	廃液
n	廃棄物
n	廃業
n	廃校
n	廃止
n	廃疾
n	廃車
n	廃人
n	廃絶
n	廃退
n	廃部
n	廃物
n	排外主義
n	排気ガス
n	排水
n	排斥
n	排他 性
n	排尿障害
n	排泄物
n	敗 局
n	敗血症
n	敗残
n	敗者
n	敗 績
n	敗戦
n	敗訴
n	敗走
n	敗退
n	敗報
n	敗北
n	敗北感
n	背信
n	背 痛
n	背徳
n	背負い投げ
n	背 約
n	肺がん
n	肺ガン
n	肺炎
n	肺癌
n	肺気腫
n	肺結核
n	肺浸潤
n	肺水腫
n	肺病
n	配流
n	梅毒
n	煤煙
n	買春
n	売り切れ
n	売れ残り
n	売春
n	売笑
n	賠償
n	剥離
n	白 そこひ
n	白なまず
n	白 煙
n	白血病
n	白痴
n	白内障
n	薄 さ
n	薄ら 笑い
n	薄幸
n	薄弱
n	薄笑い
n	薄情
n	薄氷 を 踏む 思い
n	薄命
n	薄毛
n	迫害
n	爆撃
n	爆弾
n	爆弾テロ
n	爆発
n	爆発事故
n	爆風
n	爆裂
n	麦粒腫
n	肌あれ
n	肌トラブル
n	肌荒れ
n	八方ふさがり
n	八方破れ
n	発火
n	発覚
n	発作
n	発症
n	発疹
n	発生
n	発熱
n	発病
n	罰
n	罰金
n	罰金刑
n	罰当たり
n	抜かり
n	抜け毛
n	判断ミス
n	半壊
n	半殺し
n	半 死
n	半死半生
n	半信半疑
n	半端
n	半 病人
n	反感
n	反逆
n	反抗
n	反省 点
n	反則
n	反体制
n	反対
n	反対運動
n	反吐
n	反騰
n	反発
n	反米感情
n	反目
n	反落
n	反乱
n	反論
n	叛乱
n	板の間稼ぎ
n	板挟み
n	氾濫
n	犯行
n	犯罪
n	犯罪行為
n	犯罪者
n	犯罪 性
n	犯人
n	般若
n	販売中止
n	煩い
n	煩わし さ
n	煩雑
n	煩多
n	煩悩
n	煩悶
n	煩瑣
n	蛮行
n	蛮声
n	匪賊
n	卑怯
n	卑屈
n	卑見
n	否
n	悲し さ
n	悲しみ
n	悲哀
n	悲運
n	悲観
n	悲観論
n	悲劇
n	悲惨
n	悲惨 さ
n	悲愁
n	悲傷
n	悲壮感
n	悲嘆
n	悲痛
n	悲報
n	悲鳴
n	悲愴感
n	批判
n	疲れ
n	疲れ目
n	疲弊
n	疲労
n	疲労 感
n	疲労困憊
n	疲労 度
n	疲憊
n	皮 疹
n	皮肉
n	皮膚がん
n	皮膚炎
n	皮膚 疾患
n	皮膚 病
n	皮癬
n	肥大
n	肥満
n	被害
n	被害 拡大
n	被害者
n	被害者意識
n	被害妄想
n	被虐
n	被災
n	被災地
n	被弾
n	被曝
n	被爆
n	被爆者
n	誹謗
n	誹謗中傷
n	費用
n	避難
n	非
n	非 の 打ちどころ
n	非運
n	非行
n	非合理
n	非常
n	非常事態
n	非常識
n	非情
n	非人
n	非 人間 的
n	非人情
n	非道
n	非難
n	非 能率
n	非力
n	非礼
n	飛蚊症
n	飛散
n	微罪
n	微熱
n	鼻炎
n	鼻詰まり
n	鼻血
n	鼻水
n	鼻声
n	鼻息
n	鼻風邪
n	筆禍
n	筆 不精
n	逼塞
n	逼迫
n	百日ぜき
n	謬見
n	氷河期
n	漂流
n	表示 方法
n	病
n	病 い
n	病院
n	病臥
n	病害虫
n	病気
n	病気 そのもの
n	病気 欠席
n	病気 等
n	病菌
n	病苦
n	病欠
n	病原菌
n	病原体
n	病 妻
n	病 児
n	病者
n	病弱
n	病床
n	病状
n	病身
n	病人
n	病巣
n	病 夫
n	病 婦
n	病癖
n	病変
n	病魔
n	病理
n	品切れ
n	品薄
n	品 不足
n	瀕死
n	貧
n	貧し さ
n	貧窮
n	貧苦
n	貧血
n	貧困
n	貧者
n	貧弱
n	貧打
n	貧乏
n	貧乏くじ
n	貧乏神
n	貧乏性
n	貧乏 生活
n	貧 賤
n	頻 尿
n	不安
n	不安感
n	不安定
n	不安定 さ
n	不案内
n	不一致
n	不運
n	不可
n	不可能
n	不快
n	不快 さ
n	不快感
n	不確か
n	不確かさ
n	不 確実
n	不 確定
n	不 確定 要素
n	不覚
n	不完全
n	不完全燃焼
n	不感症
n	不慣れ
n	不器用
n	不器量
n	不 機嫌
n	不気味
n	不気味 さ
n	不規則
n	不 規律
n	不軌
n	不義
n	不義理
n	不吉
n	不急
n	不漁
n	不協和音
n	不況
n	不興
n	不均衡
n	不倶戴天
n	不倶戴天 の 敵
n	不具合
n	不遇
n	不敬
n	不景気
n	不 経済
n	不潔
n	不健康
n	不健全
n	不公平
n	不公平 感
n	不向き
n	不幸
n	不幸せ
n	不行き届き
n	不 行状
n	不行跡
n	不合格
n	不合理
n	不細工
n	不在
n	不作
n	不参
n	不参加
n	不賛成
n	不始末
n	不治の病
n	不自然
n	不自然 さ
n	不自由
n	不自由 さ
n	不実
n	不手際
n	不十分
n	不十分 さ
n	不祝儀
n	不出来
n	不純
n	不順
n	不所存
n	不祥
n	不祥事
n	不条理
n	不浄
n	不信
n	不信感
n	不信任
n	不審
n	不審者
n	不心得
n	不振
n	不親切
n	不 身持ち
n	不人気
n	不人情
n	不 成功
n	不整合
n	不整脈
n	不正
n	不正アクセス
n	不正確
n	不正行為
n	不正 使用
n	不正 利用
n	不精
n	不精 ・ 無精
n	不摂生
n	不全
n	不足
n	不足分
n	不仲
n	不注意
n	不調
n	不調法
n	不調法 ・ 無調法
n	不 釣り合い
n	不貞
n	不定愁訴
n	不敵
n	不 適格
n	不適任
n	不渡り
n	不都合
n	不当
n	不当労働行為
n	不透明さ
n	不同沈下
n	不道徳
n	不得意
n	不得手
n	不徳
n	不徳義
n	不届き
n	不妊
n	不妊症
n	不 熱心
n	不能
n	不備
n	不美人
n	不 必要
n	不評
n	不評判
n	不品行
n	不風流
n	不服
n	不平
n	不平等
n	不平不満
n	不便
n	不便 さ
n	不勉強
n	不法
n	不法行為
n	不法行為 責任
n	不法侵入
n	不法滞在
n	不法投棄
n	不満
n	不 満足
n	不満 点
n	不味
n	不眠
n	不眠症
n	不名誉
n	不 明確
n	不明 点
n	不毛
n	不愉快
n	不用
n	不用意
n	不要
n	不利
n	不利益
n	不良
n	不良債権
n	不良債権 処理
n	不良在庫
n	不倫
n	不和
n	不埒
n	不愍
n	不憫
n	不憫 ・ 不愍
n	不逞
n	付か ぬ 事
n	付け
n	付け景気
n	夫婦 げんか
n	夫婦喧嘩
n	婦女暴行
n	婦人病
n	怖 さ
n	怖気
n	浮き名
n	浮気
n	浮腫
n	腐臭
n	腐食
n	腐敗
n	負
n	負け
n	負け越し
n	負け犬
n	負け戦
n	負 圧
n	負荷
n	負債
n	負傷
n	負傷者
n	負担
n	負担増
n	部外者
n	部品
n	部落差別
n	風災
n	風邪
n	風邪引き
n	風邪 気
n	風邪 気味
n	風邪声
n	風樹の嘆
n	風疹
n	風水害
n	風潮
n	風評被害
n	副作用
n	副鼻腔炎
n	服役
n	腹水
n	腹痛
n	腹膜炎
n	腹立たし さ
n	複雑性
n	複雑多岐
n	覆面
n	仏罰
n	物おじ
n	物もらい
n	物忌
n	物故
n	物寂し さ
n	物取り
n	物騒
n	物足りな さ
n	物 知らず
n	物悲し さ
n	物忘れ
n	物憂 さ
n	分 損
n	分裂 症
n	分裂病
n	噴火
n	噴火口
n	噴飯
n	噴飯物
n	憤慨
n	憤懣
n	焚書
n	糞
n	糞スレ
n	糞尿
n	糞便
n	紛糾
n	紛失
n	紛擾
n	紛争
n	文なし
n	文句
n	文字コード
n	文字化け
n	併殺
n	平謝り
n	平手
n	平手打ち
n	平凡
n	弊害
n	閉館
n	閉業
n	閉口
n	閉校
n	閉鎖
n	閉鎖 性
n	閉塞
n	閉塞感
n	閉塞状況
n	閉山
n	閉店
n	僻
n	僻見
n	壁
n	癖
n	別れ
n	別居
n	別離
n	偏り
n	偏見
n	偏向
n	偏差
n	偏執
n	偏執狂
n	偏執病
n	偏食
n	偏頭痛
n	変
n	変わり者
n	変異
n	変死
n	変事
n	変質
n	変色
n	変人
n	変態
n	変態性欲
n	変調
n	変動
n	変約
n	片恨み
n	片手間
n	片田舎
n	片頭痛
n	片頭痛 ・ 偏頭痛
n	辺境
n	便秘
n	便便
n	勉強 不足
n	弁解
n	弁膜 症
n	保菌 者
n	捕虜 収容所
n	墓
n	墓地
n	包囲
n	包茎
n	呆気
n	呆然
n	報道被害
n	報復
n	報復 攻撃
n	峰打ち
n	崩れ
n	崩壊
n	崩御
n	崩落
n	放逸
n	放火魔
n	放射線
n	放射線障害
n	放射能
n	放射能汚染
n	放射能漏れ
n	放縦
n	放出
n	放送禁止
n	放置
n	放蕩
n	放漫
n	放浪
n	放恣
n	方向音痴
n	法難
n	法律違反
n	砲弾
n	蜂
n	飽き
n	飽き性
n	飽き 飽き
n	乏し さ
n	亡骸
n	亡魂
n	亡失
n	亡羊の嘆
n	亡霊
n	傍若無人
n	妨げ
n	妨害
n	忘れ
n	忘れ物
n	忘失
n	暴圧
n	暴漢
n	暴虐
n	暴挙
n	暴君
n	暴言
n	暴行
n	暴行事件
n	暴状
n	暴走
n	暴走 行為
n	暴走族
n	暴徒
n	暴投
n	暴騰
n	暴動
n	暴発
n	暴評
n	暴風
n	暴落
n	暴力
n	暴力行為
n	暴力 沙汰
n	暴力事件
n	暴力 性
n	暴力団
n	暴露
n	暴論
n	望洋 の 嘆
n	棒 下げ
n	棒 上げ
n	膨満
n	謀反
n	貿易赤字
n	貿易摩擦
n	没
n	没落
n	奔騰
n	本 病
n	凡 ミス
n	凡作
n	凡戦
n	凡打
n	凡退
n	磨耗
n	魔
n	魔手
n	魔女狩り
n	魔神
n	魔人
n	魔性
n	魔族
n	魔物
n	魔羅
n	麻疹
n	麻薬
n	麻痺
n	末期
n	末期ガン
n	末期 癌
n	末期症状
n	万引
n	万引き
n	万死
n	万難
n	万病
n	慢性
n	慢性 肝炎
n	慢性 関節リウマチ
n	慢性疾患
n	慢性 病
n	満室
n	満州事変
n	満身創痍
n	漫然
n	漫罵
n	蔓延
n	未完成
n	未熟
n	未熟 さ
n	未熟 者
n	未納
n	未病
n	未練
n	民族差別
n	眠 さ
n	眠た さ
n	眠気
n	夢中 遊行 症
n	夢魔
n	夢遊病
n	無愛想
n	無 意味
n	無一物
n	無一文
n	無益
n	無 遠慮
n	無学
n	無機質
n	無気力
n	無軌道
n	無休
n	無限ループ
n	無 呼吸
n	無呼吸症候群
n	無効
n	無彩色
n	無策
n	無 雑作
n	無惨
n	無産
n	無残
n	無残 ・ 無惨
n	無視
n	無慈悲
n	無情
n	無 神経
n	無精
n	無責任
n	無 節操
n	無銭
n	無造作
n	無造作 ・ 無 雑作
n	無駄
n	無駄遣い
n	無駄使い
n	無断
n	無断リンク
n	無断使用
n	無知
n	無秩序
n	無茶
n	無茶苦茶
n	無調法
n	無念
n	無念 さ
n	無念無想
n	無能
n	無能力
n	無筆
n	無風流
n	無風流 ・ 不風流
n	無法
n	無謀
n	無防備
n	無名
n	無明
n	無 目的
n	無様
n	無用
n	無理
n	無理難題
n	無力
n	無力 さ
n	無力感
n	無礼
n	矛盾
n	矛盾 点
n	霧
n	冥福
n	名残
n	名残り
n	名誉毀損
n	命取り
n	命 終
n	迷い
n	迷子
n	迷信
n	迷走
n	迷惑
n	迷惑メール
n	迷惑行為
n	迷惑電話
n	滅失
n	滅亡
n	免疫 不全
n	面汚し
n	面倒
n	面罵
n	面疔
n	妄執
n	妄信
n	妄想
n	妄念
n	妄評
n	毛嫌い
n	毛虫
n	猛威
n	猛火
n	猛暑
n	盲腸
n	盲腸炎
n	盲点
n	盲目
n	網膜症
n	網膜剥離
n	蒙昧
n	木くず
n	目くじら
n	目 くらまし
n	目 の 上 の こぶ
n	目 の 上 の こぶ ／ の たんこぶ
n	目 の 上 の たんこぶ
n	目の敵
n	目やに
n	目隠し
n	目 詰まり
n	目障り
n	目切れ
n	目潰し
n	目腐れ
n	目眩
n	問責
n	問題
n	問題 行動
n	問題点
n	悶絶
n	悶着
n	門 違い
n	門前払い
n	夜泣き
n	夜叉
n	夜襲
n	夜盗
n	夜尿症
n	夜這い
n	夜盲症
n	夜遊び
n	野犬
n	野菜 不足
n	野次
n	野次馬
n	野盗
n	野蛮
n	野放図
n	厄
n	厄介
n	厄難
n	役不足
n	薬禍
n	薬害エイズ
n	油 汚れ
n	油膜
n	癒着
n	優柔不断
n	優男
n	勇み足
n	幽愁
n	憂
n	憂い ・ 憂え
n	憂え
n	憂き目
n	憂さ
n	憂患
n	憂苦
n	憂国
n	憂愁
n	憂悶
n	憂慮
n	憂鬱
n	有効活用
n	有事
n	有償
n	有毒
n	有名無実
n	有料
n	誘拐
n	誘拐 事件
n	誘爆
n	遊び人
n	遊惰
n	遊蕩
n	予後
n	余寒
n	余罪
n	余震
n	余念
n	余波
n	余 殃
n	幼弱
n	幼稚
n	妖し さ
n	妖怪
n	妖気
n	容疑
n	容量 不足
n	揺り返し
n	揺れ
n	溶岩流
n	用 なし
n	用 済み
n	羊頭狗肉
n	要 なし
n	要 なし ・ 用 なし
n	要求
n	抑圧
n	抑鬱
n	抑鬱症
n	欲
n	欲求不満
n	欲情
n	欲心
n	羅刹
n	裸一貫
n	雷
n	雷雨
n	雷撃
n	落ち込み
n	落ち度
n	落ち目
n	落とし穴
n	落下
n	落果
n	落球
n	落伍
n	落伍 ・ 落後
n	落後
n	落差
n	落車
n	落書き
n	落石
n	落選
n	落胆
n	落馬
n	落盤
n	落命
n	落 輪
n	落魄
n	乱れ
n	乱開発
n	乱獲
n	乱気流
n	乱 撃
n	乱行
n	乱高下
n	乱雑
n	乱視
n	乱調
n	乱闘
n	乱発
n	乱発 ・ 濫発
n	乱費
n	乱費 ・ 濫費
n	乱文
n	乱暴
n	乱用
n	乱立
n	卵巣嚢腫
n	嵐
n	濫行
n	濫行 ・ 乱行
n	濫造
n	濫費
n	濫用
n	利用 条件
n	利用制限
n	理不尽
n	理不尽 さ
n	裏切り
n	裏切り者
n	離縁
n	離婚
n	離散
n	離脱症状
n	立ちくらみ
n	立ちすくみ
n	立ち往生
n	略奪
n	流感
n	流刑
n	流血
n	流行り 病
n	流行 性 感冒
n	流行 病
n	流罪
n	流産
n	流出
n	流用
n	流謫
n	溜め息
n	留年
n	竜巻
n	旅 疲れ
n	料金
n	梁上の君子
n	量刑
n	力ずく
n	力不足
n	力落とし
n	緑内障
n	淋し さ
n	淋菌
n	臨界
n	臨界事故
n	臨終
n	輪禍
n	涙声
n	累犯
n	類焼
n	冷え症
n	冷え性
n	冷た さ
n	冷ややか
n	冷夏
n	冷害
n	冷汗
n	冷血
n	冷血漢
n	冷笑
n	冷戦
n	冷罵
n	冷評
n	零点
n	零落
n	列車事故
n	劣悪
n	劣化
n	劣化ウラン弾
n	劣弱
n	劣情
n	劣勢
n	劣性
n	劣等
n	劣等感
n	烈女
n	裂果
n	裂傷
n	恋煩い
n	練習 不足
n	連休 ぼけ
n	連鎖倒産
n	連続 攻撃
n	連続殺人事件
n	連打
n	連敗
n	路上生活
n	路上駐車
n	露
n	露 の 命
n	露骨
n	露命
n	労
n	労咳
n	労苦
n	労災
n	労働災害
n	労働争議
n	労働力 不足
n	浪人
n	浪人 生活
n	浪費
n	漏り
n	漏れ
n	漏洩
n	漏出
n	漏水
n	漏電
n	狼
n	狼藉
n	老化 現象
n	老眼
n	老朽
n	老朽化
n	老廃
n	肋間神経痛
n	肋膜炎
n	倭寇
n	倭寇 ・ 和 寇
n	和姦
n	和 寇
n	歪
n	歪み
n	歪曲
n	湾岸戦争
n	乖離
n	傲慢
n	傲慢 さ
n	冤罪
n	呵責
n	咎
n	咆哮
n	咬傷
n	喀血
n	喘息
n	喘鳴
n	嗤笑
n	嘔吐
n	嘲笑
n	嘲罵
n	嚥下障害
n	埓 埒
n	毀損
n	奸計
n	奸知
n	嬌笑
n	嬌声
n	屁
n	屁理屈
n	屏息
n	彙報
n	恣意
n	恣意性
n	愍然
n	慇懃無礼
n	憫笑
n	憫然
n	懊悩
n	罹患
n	罹災
n	罹病
n	懶惰
n	捏造
n	掏 り
n	攪乱
n	擱坐
n	旱魃
n	曖昧
n	曖昧 さ
n	曖昧 性
n	杞憂
n	枷
n	檻
n	鬱
n	鬱屈
n	鬱血
n	鬱状態
n	鬱積
n	鬱病
n	鬱憤
n	淪落
n	烙印
n	烽火
n	狡知
n	猜疑
n	猩紅熱
n	瑕瑾
n	瑕疵
n	瑣事
n	瑣事 ・ 些事
n	疔
n	疝気
n	疝痛
n	疥癬
n	疼痛
n	疱疹
n	疱瘡
n	痒み
n	痒疹
n	痙攣
n	痰
n	痺れ
n	瘢痕
n	瘤
n	瘴気
n	瘴癘
n	瘰癧
n	癇
n	癇癖
n	癇癪
n	癇癪持ち
n	癪
n	癪持ち
n	癰
n	眩暈
n	瞑目
n	矮小化
n	磔刑
n	穢れ
n	糜爛
n	罠
n	羞恥
n	腱鞘炎
n	膀胱炎
n	膠原病
n	膵炎
n	膺懲
n	艱苦
n	艱難
n	艱難辛苦
n	蕁麻疹
n	薨去
n	褥瘡
n	訃
n	訃音
n	訃報
n	訌争
n	訛り
n	詭弁
n	諫止
n	謗 法
n	謫居
n	譴責
n	貪欲
n	贅肉
n	跼蹐
n	踵 落とし
n	躁
n	躁病
n	躁鬱
n	躁鬱病
n	躊躇
n	軋轢
n	輻輳
n	辟易
n	錚錚
n	閨 怨
n	隘路
n	頽唐
n	頽廃
n	顰蹙
n	騙り
n	髀肉の嘆
n	魑魅魍魎
e	" ２ ， ３ 日 "
e	10%
e	100%
e	25%
e	80%
e	１０カ月
e	１０時間
e	１ ０ 数 年
e	１０年 以上
e	１０年 近く
e	１ １ ヶ月
e	１１年
e	１２年
e	１３年
e	１４年
e	１５秒
e	１６年
e	１７年
e	１９年
e	１ バイト
e	１割
e	１時間 以上
e	１時間 以内
e	１時間 半
e	１週間 以上
e	１ 体
e	１ 通
e	１日 分
e	１年 近く
e	１ 品
e	１ 文
e	２０年 以上
e	２０年 近く
e	２３時間
e	２か月
e	２ ヵ月
e	２位
e	２階 席
e	２件 目
e	２時間
e	２時間 以上
e	２時間 半
e	２勝 １敗
e	２ 択
e	２日
e	２年 近く
e	２年 半
e	３０分 位
e	３０分 程度
e	３４年
e	３５年
e	３９歳
e	３ Ｒ
e	３か月
e	３タテ
e	３ チーム
e	３位
e	３回 連続
e	３割 負担
e	３週間
e	３ 酔い
e	３ 連打
e	４か月
e	４回目
e	４時間
e	４日
e	４年
e	５０日
e	５０年 以上
e	６００円
e	６年
e	７ ヶ月
e	７年
e	７番
e	８カ月
e	８ ヶ月
e	８割
e	９ ヶ月
e	９年
e	９番
e	ＡＤ
e	Ａｍａｚｏｎ
e	ＢＢＣ
e	ＣＤ
e	ＣＮＮ
e	ＤＶＤ 化
e	ＤｏＳ
e	ＥＳ
e	ＦＡＱ
e	ＨＰ
e	ＨＴＭＬ
e	ＩＴ 化
e	ＩＴ 投資
e	ＭＲＳＡ
e	ＯＫ
e	ＯＬ
e	ＯＰＡＣ
e	ＰＲ
e	Ｑ＆Ａ
e	ＲＡＭ
e	ＲＦＣ
e	ＲＳＳ
e	ＳＥ
e	ＳＰＡＭ
e	ＳＱＬ
e	ＳＳ
e	Ｖｅｃｔｏｒ
e	ＷＷＥ
e	Ｗｅｂ 検索
e	Ｗｉｎｎｙ
e	ｃｏｒｅ
e	ｅｎｄ
e	ｈｔｍｌ
e	ｈｔｔｐ
e	ｔｘｔ
e	あいさつ
e	あいだ
e	あいつら
e	あいまい さ
e	あえぎ
e	あかし
e	あく
e	あご
e	あし
e	あたし たち
e	あちら
e	あっさり
e	あっし
e	あなた が た
e	ありのまま
e	ある が まま
e	あわ
e	あんばい
e	いい加減
e	いざとい
e	いたちごっこ
e	いっさい
e	いっぱい
e	いやおう
e	いろんな の
e	いわれ
e	うがい
e	うたた寝
e	うっちゃり
e	うつ伏せ
e	うなじ
e	うねり
e	うぶ
e	うれしがらせ
e	うろ覚え
e	うわさ
e	えびす顔
e	え ん ま顔
e	おおまか
e	おかし さ
e	おかめ
e	おけら
e	おだて
e	おっとり
e	おっぱい
e	おばけ
e	おぼこ
e	お まんこ
e	おみやげ
e	おむつ
e	おもてなし
e	お安い 御用
e	お花
e	お花畑
e	お気持ち
e	お客
e	お客さま
e	お客様 ご 自身
e	お許し
e	お 近付き
e	お決まり
e	お見舞い
e	お 言葉
e	お札
e	お 使い
e	お姉ちゃん
e	お子さま
e	お 持ち
e	お 時間
e	お手伝い
e	お 宿
e	お祝い
e	お出かけ
e	お人好し
e	お世辞 抜き
e	お世話
e	お 体
e	お題目
e	お定まり
e	お 店
e	お 電話
e	お土産
e	お湯
e	お答え
e	お 付き合い
e	お 風邪
e	お 風呂 場
e	お別れ会
e	お返事
e	お 墓
e	お 面
e	お 友達
e	お 遊び
e	お預け
e	お力
e	お 力添え
e	お礼
e	お話
e	かい性
e	かかと
e	かぎり
e	かさ
e	かさぶた
e	かた
e	かたじけな さ
e	かつら
e	かも ねぎ
e	がけ崩れ
e	がっしり
e	がっちり
e	がまん
e	がらがら
e	きっかけ
e	きびし さ
e	きまり
e	きわまり
e	ぎんぎん
e	くしゃみ
e	くせ毛
e	くちびる
e	ぐうたら
e	ぐりぐり
e	けり
e	げき
e	げた
e	こいつ ら
e	ここ
e	ここら
e	こだわり
e	このまま
e	この世
e	ご あいさつ
e	ごみ 減量
e	ごろごろ
e	ご 愛顧
e	ご挨拶
e	ご 案内
e	ご 意見 ご 要望
e	ご 家庭
e	ご 感想
e	ご 希望
e	ご 協力
e	ご 教示
e	ご 講演
e	ご 賛同
e	ご 指示
e	ご 指導
e	ご指導ご鞭撻
e	ご 支援
e	ご 支援 ご 協力
e	ご 支持
e	ご主人様
e	ご 祝辞
e	ご 助言
e	ご 紹介
e	ご 尽力
e	ご 声援
e	ご 先祖 様
e	ご 提案
e	ご 入金
e	ご 配慮
e	ご 返事
e	ご 鞭撻
e	ご 予約
e	ご 要望
e	ご 了解
e	ご 了承
e	ご 連絡
e	さら
e	しゃがれ 声
e	しゃんと
e	しり押し
e	しるし
e	しる べ
e	じ か ん
e	じっくり
e	じゅもん
e	すうっと
e	すさまじさ
e	すみれ
e	ずれ
e	せり
e	せり上げ
e	そいつ
e	そいつ ら
e	そういう の
e	そそくさ
e	そっと
e	そつ
e	その間
e	その他
e	その道
e	そり
e	そり 味
e	ぞうり
e	たくさん
e	ただ事
e	ただ者
e	たね
e	たわし
e	つき
e	つぐみ
e	つばさ
e	つまり
e	つもり
e	でんぷん
e	という わけ
e	とがめ立て
e	ともえ 投げ
e	どきどき
e	どんぐり
e	なく て 七 癖
e	なぞ
e	なまず
e	におい
e	ぬる さ
e	ねじれ
e	ねんね
e	のど自慢
e	のど輪
e	のろし
e	はげ
e	はた き込み
e	はたけ
e	はっきり
e	はにかみ
e	はれ
e	ばか笑い
e	ばらばら
e	ひさし
e	ひじ
e	ひじ り
e	ひととき
e	ひと月
e	ひと時
e	ひま
e	ふたり
e	ふち
e	ふるさと
e	ぶらぶら
e	ぶり返し
e	へそ
e	へ の かっぱ
e	ほお 笑み
e	ほか
e	ほっぺた
e	ほとんど
e	ほら貝
e	ほり
e	ほんま
e	ぼく たち
e	まくら探し
e	まぐれ
e	まぜこぜ
e	まちづくり
e	まね
e	まるまる
e	まれ
e	まんざら
e	まんま
e	みずから
e	めぐり
e	めし
e	めった 打ち
e	めど
e	もちつき
e	もてなし
e	ものづくり
e	もみ
e	もろ差し
e	やたけ心
e	やたら
e	やつ ら
e	やみくも
e	やりかた
e	やり直し
e	やんちゃ
e	ゆるやか
e	よがり 声
e	よく よく
e	よしみ
e	より どころ
e	よろめき
e	わき
e	わき腹
e	わびし さ
e	わらじ銭
e	アーカイブ
e	アーチ
e	アーチスト
e	アーチスト ・ アーティスト
e	アーティスト
e	アイス
e	アイスホッケー
e	アイドリングストップ
e	アイマスク
e	アイルランド
e	アウトコース
e	アウトドア
e	アウトライン
e	アクセスログ
e	アクセス数
e	アジ
e	アセトアルデヒド
e	アソコ
e	アタシ
e	アタック
e	アタリ
e	アッパーカット
e	アップ
e	アップダウン
e	アド
e	アドバイザー
e	アドバイス
e	アドレナリン
e	アピール
e	アフガニスタン
e	アフガン
e	アフターケア
e	アマ
e	アマゾン
e	アマチュア
e	アミロイド
e	アメリカ
e	アユ
e	アラート
e	アラーム
e	アラー ム音
e	アラビア
e	アリバイ
e	アルコール 問題
e	アルジェリア
e	アルゼンチン
e	アンダースロー
e	アンチ
e	アンチテーゼ
e	アンノウン
e	イージー
e	イエスキリスト
e	イギリス
e	イスパニア
e	イスラエル
e	イタリア
e	イナダ
e	イノシシ
e	イベント
e	イメージ
e	イラク
e	イラン
e	インカ帝国
e	インコース
e	インストラクター
e	インスリン 分泌
e	インターネットオークション
e	インターネットサービス
e	インターフォン
e	インテリア
e	インド
e	インドネシア
e	インド映画
e	インパルス
e	インフォメーション
e	インフラ
e	インフレ 期待
e	イヴ
e	ウイグル
e	ウイルス対策
e	ウェールズ
e	ウェブログ
e	ウエイト
e	ウエストボール
e	ウォーミングアップ
e	ウナギ
e	ウンチ
e	エア
e	エイリアン
e	エキストラ
e	エクスタシー
e	エコー
e	エコロジー
e	エサ 取り
e	エジプト
e	エチュード
e	エッジ
e	エディタ
e	エルボースマッシュ
e	エロス
e	エンジニア
e	エンジン ルーム
e	エントランス
e	エントリーシート
e	オーストラリア
e	オーソドックス
e	オーディション
e	オーバー
e	オーバースロー
e	オーバーヘッド
e	オーバーワーク
e	オーバヘッド
e	オープン
e	オウム
e	オオカミ
e	オケ
e	オタク
e	オデコ
e	オフサイド
e	オペ
e	オペレーター
e	オマージュ
e	オマンコ
e	オムツ
e	オムニバス
e	オランダ
e	オリエンテーション
e	オリジナル
e	オルガン 奏者
e	オンナ
e	オンラインショップ
e	カーブ
e	カウンセラー
e	カウンセリング
e	カジュアル
e	カジュアル 感
e	カッパ
e	カツラ
e	カド
e	カナダ
e	カメムシ
e	カメラマン
e	カラ
e	カラー コピー
e	カレッジ
e	カン
e	カンパ
e	カンボジア
e	ガーデニング
e	ガード
e	ガードル
e	ガイダンス
e	ガイド
e	ガイドライン
e	ガシラ
e	ガス
e	ガス室
e	ガス抜き
e	ガレージキット
e	キーノート
e	キープ
e	キス
e	キスシーン
e	キャッチ
e	キャッチボール
e	キャッチャー
e	キャパシティー
e	キャラクタープレイ
e	キューバ
e	キリスト
e	ギャップ
e	ギリシア
e	クーリングオフ
e	クールダウン
e	クイズ
e	クエン酸
e	クォータリー
e	クセ毛
e	クツ
e	クモ
e	クラクション
e	クラシカル
e	クランケ
e	クリエーター
e	クリエイター
e	クリケット
e	クリスチャン
e	クリスマス
e	クリスマスイブ
e	クリスマスソング
e	クリスマス 気分
e	クリンチ
e	クレーム
e	クロスカウンター
e	クロッケー
e	グッズ
e	グリップ
e	グリップ 力
e	グルメ
e	グレー
e	グローバル
e	ケーキ 作り
e	ケア
e	ケタ 違い
e	ゲーム
e	ゲーム感覚
e	ゲスト
e	ゲストブック
e	ゲッツー
e	コーチ
e	コーナー ワーク
e	コウモリ
e	ココア
e	コストダウン
e	コストパフォーマンス
e	コピペ
e	コブラ
e	コミュニティビジネス
e	コンサルティング
e	コンテンツ ビジネス
e	コントロール
e	ゴーサイン
e	ゴースト
e	ゴーレム
e	ゴミ捨て場
e	ゴロ
e	ゴング
e	サーチ
e	サーバ
e	サーバ 側
e	サービス 量
e	サイクルヒット
e	サイドスロー
e	サウジアラビア
e	サウスポー
e	サウンド
e	サス
e	サタン
e	サバイバル
e	サポーター
e	サポート
e	サメ
e	サラセン
e	サルベージ
e	サンダーバード
e	サンダル
e	ザーメン
e	シェア
e	システム
e	システムリソース
e	システム 作り
e	シフト
e	シベリア
e	シャウト
e	シャム
e	シュート
e	ショート
e	ショートカット
e	シラバス
e	シロアリ
e	シロクマ
e	シンガー
e	シンクロ
e	シンプル
e	ジェットコースター
e	ジェンダー
e	ジハード
e	ジャブ
e	ジャマイカ
e	スイート
e	スイス
e	スウェーデン
e	スカパー
e	スカンジナビア
e	スキー 靴
e	スキンシップ
e	スクーリング
e	スクウェア
e	スケート
e	スケッチ
e	スコア
e	スコットランド
e	スス
e	スタンドイン
e	ステッキ
e	ストライク
e	ストレート
e	スニーカー
e	スノーシュー
e	スパム
e	スパルタ
e	スピード
e	スピードアップ
e	スピルバーグ
e	スピロヘータ
e	スプレー
e	スプロール
e	スペース
e	スペースバー
e	スペイン
e	スポーツ
e	スポーツ 活動
e	スモーク
e	スライダー
e	スリーアウト
e	スリー ストライク
e	スリー バント
e	スリム化
e	スリランカ
e	スループット
e	スローライフ
e	スロバキア
e	セーフティーバント
e	セーブ
e	セールス
e	セイロン
e	セックスレス
e	セットアップ
e	セットポイント
e	セリエＡ
e	セルフケア
e	セルフコントロール
e	センセーション
e	センタリング
e	ソーダ
e	ソッコー
e	ソバカス
e	ソフトボール
e	ソフマップ
e	ソプラノ
e	ソラ
e	ソリスト
e	ソ連
e	ターボ
e	タイ
e	タイツ
e	タイトル 数
e	タイピング
e	タイムアウト
e	タコ
e	タスク
e	タッグ
e	タッチ
e	タヌキ
e	タネ
e	タレント
e	タワーレコード
e	タンザニア
e	ダイエット
e	ダッシュ
e	ダブルプレー
e	ダンプ
e	チーム プレー
e	チェコ
e	チェリスト
e	チェンジアップ
e	チケット
e	チヌ
e	チフス 菌
e	チベット
e	チャイナ
e	チャイム
e	チャクラ
e	チャリティー
e	チャレンジ
e	チョーク
e	チリ
e	チンポ
e	ツーアウト
e	ツーダウン
e	ツッコミ
e	ツバ
e	ツバメ
e	ツブシ
e	ツレ
e	ティペット
e	テナー
e	テノール
e	テレパシー
e	データ
e	データ フォーマット
e	ディベート
e	デザイナー
e	デザイン 画
e	デビル
e	デフォルト 値
e	デリ
e	デリケート
e	デンプン
e	デンマーク
e	トータル
e	トイザラス
e	トイレ 休憩
e	トス バッティング
e	トップ ライト
e	トマトジュース
e	トランペッター
e	トリプルプレー
e	トルコ
e	ドア
e	ドイツ
e	ドキドキ
e	ドクターストップ
e	ドス
e	ドラえもん
e	ドライバ
e	ドラゴン
e	ドラッグドロップ
e	ドラッグバント
e	ドル
e	ドンキホーテ 型
e	ナイーブ
e	ナチュラル
e	ナミ
e	ナミダ
e	ナメクジ
e	ナンパ
e	ニードロップ
e	ニオイ
e	ニュージーランド
e	ニュートン力学
e	ニンフ
e	ネーム
e	ネズミ
e	ネタ
e	ネットショップ
e	ネット 販売
e	ノー
e	ノー スモーキング
e	ノーマル
e	ノウハウ
e	ノスタルジア
e	ノック
e	ノルウェー
e	ノンプロ
e	ノン プロフェッショナル
e	ハード 面
e	ハーレム
e	ハイウェイ
e	ハイキック
e	ハイキング 気分
e	ハイソックス
e	ハイテンション
e	ハイヒール
e	ハゲ
e	ハゼ
e	ハネ
e	ハプニング
e	ハマリ
e	ハムレット 型
e	ハレ
e	ハンダ 付け
e	ハンディー
e	ハンド
e	ハンマー
e	バーボン
e	バイオマス
e	バイオリズム
e	バイオリニスト
e	バイプレーヤー
e	バインド
e	バクテリア
e	バグダッド
e	バスタイム
e	バチルス
e	バックアップ
e	バックドロップ
e	バッティング
e	バナー
e	バラード
e	バリア
e	バリアフリー
e	バリアフリー 化
e	バリトン
e	バンダイ
e	バント
e	パーマ
e	パイルドライバー
e	パイロット
e	パッチ
e	パトカー
e	パナマ
e	パフォーマンス
e	パルプ
e	パレスチナ
e	パンスト
e	パンチラ
e	パンフレット
e	パンプス
e	パン 作り
e	ヒートシンク
e	ヒットエンドラン
e	ヒューマニティー
e	ヒヨドリ
e	ヒロイン
e	ビギナー
e	ビジネス シーン
e	ビジネスチャンス
e	ビジネスマン
e	ビジョン
e	ビス
e	ビックカメラ
e	ビフィズス菌
e	ビブリオ
e	ビルマ
e	ピーク
e	ピアニスト
e	ピクニック
e	ピッチング
e	ピロリ菌
e	ピン
e	ファイアウォール
e	ファッション
e	ファンダメンタルズ
e	ファンド
e	ファンブル
e	フィールダーズチョイス
e	フィールディング
e	フィット感
e	フィンランド
e	フェアリー
e	フェミニン
e	フォークボール
e	フォースアウト
e	フォール
e	フォアボール
e	フォロー
e	フクロウ
e	フセイン 大統領
e	フック
e	フライ
e	フラグ
e	フランス
e	フルカウント
e	フルネーム
e	フレームレート
e	フレキシブル
e	ブースト
e	ブラ
e	ブラジル
e	ブラジル人
e	ブラックホール
e	ブランド
e	ブランド 志向
e	ブルー
e	ブレーカー
e	ブレーキング
e	ブレード
e	ブレス
e	プライド
e	プライバシー 保護
e	プラクティス
e	プレー
e	プレーヤー
e	プレーン
e	プレス
e	プレゼンス
e	プレゼン 資料
e	プログラミング
e	プロット
e	プロテクション
e	プロテクト
e	プロデューサー
e	プロフェッサー
e	プロ野球
e	ヘソ
e	ヘッドロック
e	ヘビ
e	ヘビー
e	ヘルプ
e	ベースボール
e	ベア
e	ベトナム
e	ベネズエラ
e	ベルギー
e	ベンチャー
e	ベンチャー企業
e	ページ 数
e	ペーパークラフト
e	ペチコート
e	ペット
e	ペルー
e	ペルシア
e	ペンキ
e	ペン入れ
e	ホームスチール
e	ホームページ
e	ホームラン
e	ホイッスル
e	ホタルイカ
e	ホッケー
e	ボーイ
e	ボーカリスト
e	ボーズ
e	ボール
e	ボウズ
e	ボケ 防止
e	ボスキャラ
e	ボタン
e	ボディー スラム
e	ボラ
e	ボランティア
e	ボルテージ
e	ポーランド
e	ポエジー
e	ポジション争い
e	ポリシー
e	ポリ袋
e	ポルトガル
e	ポロ
e	マジ
e	マジレス
e	マスカラ
e	マヂ
e	マッチポイント
e	マドリッド
e	マナー
e	マニア
e	マラヤ連邦
e	マレーシア
e	ミート
e	ミステリー
e	ミャンマー
e	ムード
e	ムカデ
e	メイドさん
e	メキシコ
e	メニュー
e	メバル
e	メモリー
e	メルマガ
e	メンツ
e	メンテ
e	メンバーチェンジ
e	モグラ
e	モジュラー ケーブル
e	モデルチェンジ
e	モノトーン
e	モロッコ
e	モンゴル
e	モンスター
e	ヤフオク
e	ヤマメ
e	ヤモリ
e	ユーロ
e	ユダヤ人
e	ライセンス
e	ライトセーバー
e	ライナー
e	ライフサイクル
e	ライフスタイル
e	ライフセービング
e	ライフワーク
e	ラクロス
e	ラグ
e	ラストスパート
e	ラフ
e	ラリアット
e	リアリティー
e	リアル さ
e	リサーチ
e	リサイクル
e	リスナー
e	リセット
e	リセット ボタン
e	リターンキー
e	リタイア
e	リテイク
e	リニューアル
e	リハビリ
e	リハビリテーション
e	リバイバル
e	リミッター
e	リモート アクセス
e	リラクゼーション
e	リリース
e	リリーフ
e	リンク元
e	リンク集
e	リンク先
e	リング上
e	リンパ液
e	リンパ球
e	ルーズソックス
e	ルーツ
e	ルシード
e	レーザー光線
e	レート
e	レジュメ
e	レゾンデートル
e	レポート 課題
e	レリーフ
e	ローカル ネタ
e	ローカルルール
e	ローファー
e	ローマ帝国
e	ローリング
e	ロールプレイ
e	ロゴマーク
e	ロシア
e	ロシア語
e	ロフト
e	ワーク
e	ワイン 造り
e	ワキ
e	ワキヅレ
e	ワラジ
e	ワンクッション
e	ワンナウト
e	ワンポイントリリーフ
e	ヲタ
e	哀楽
e	哀愁
e	愛顧
e	愛護
e	愛欲
e	挨拶
e	挨拶回り
e	悪因悪果
e	悪戦
e	悪役
e	悪霊
e	圧倒
e	圧倒的
e	圧迫
e	姐さん
e	安め
e	安手
e	安全運転
e	安全確保
e	安全 管理
e	安全対策
e	安全保障
e	安打
e	安定 供給
e	暗 さ
e	暗闇
e	暗号
e	暗示
e	暗証
e	暗部
e	案件
e	案内 所
e	闇
e	位相
e	囲い
e	囲み
e	意外性
e	意気地
e	意向
e	意思
e	意思決定
e	意趣
e	意図
e	意表
e	意味合い
e	意力
e	慰安
e	慰撫
e	慰霊
e	慰労
e	慰藉
e	異化
e	異議申し立て
e	異 空間
e	異見
e	異材
e	異常プリオン
e	異常 心理
e	異 心
e	異例
e	移り変わり
e	移植
e	移植性
e	移民
e	維持
e	維新
e	胃液
e	違約金
e	遺志
e	遺族 基礎年金
e	遺物
e	遺留分
e	医師
e	医療
e	医療 現場
e	医療費
e	域
e	育児休暇
e	育成
e	一か月
e	一カ月
e	一 ヵ月
e	一 ヶ月
e	一 ヶ月 以上
e	一喜一憂
e	一元化
e	一言 感想
e	一 仕事
e	一視同仁
e	一時間
e	一笑
e	一 寝入り
e	一新
e	一人物
e	一睡
e	一声
e	一線
e	一打ち
e	一体化
e	一体 性
e	一 台
e	一団
e	一致
e	一長一短
e	一 働き
e	一同
e	一年 以上
e	一般
e	一般車
e	一匹狼
e	一物
e	一癖
e	一報
e	一方 なら ず
e	一本立ち
e	一眠り
e	一目ぼれ
e	一翼
e	一律
e	稲刈り
e	稲妻
e	印
e	印鑑証明
e	印鑑登録 証明書
e	印行
e	因果応報
e	因果関係
e	因習
e	引き合い
e	引き締め
e	引き当て
e	引っ掛かり
e	引越し
e	引退
e	院内
e	陰
e	陰影
e	陰性
e	陰陽
e	隠し球
e	隠し味
e	隠れ家
e	隠退
e	右 四つ
e	右打ち
e	右 投げ
e	迂回
e	雨
e	雨音
e	雨下
e	雨水
e	雨足
e	雨滴
e	雨天
e	噂
e	運行
e	運転手
e	運動
e	運命
e	運用
e	営み
e	営業活動
e	影響
e	影響下
e	栄辱
e	栄養 補給
e	永眠
e	英語 嫌い
e	英国
e	衛生
e	衛生 面
e	鋭利
e	液
e	駅構内
e	宴
e	延長 保育
e	延命
e	援護
e	援助
e	演技派
e	演者
e	演奏
e	焔
e	遠近 感
e	遠心力
e	遠目
e	遠慮
e	遠慮がち
e	鉛
e	塩気
e	奥許し
e	往診
e	往復
e	往来
e	応え
e	応援
e	応援歌
e	応諾
e	応分
e	応募
e	応報
e	応用
e	押さえ
e	押さえ込み
e	押し
e	押し花
e	押し出し
e	押し目買い
e	押印
e	横波
e	王子 様
e	王手
e	王朝
e	翁
e	黄
e	黄禍
e	黄土色
e	黄緑
e	憶測
e	牡馬
e	乙女
e	温 覚
e	温泉
e	温存
e	温度 上昇
e	温度 変化
e	音楽家
e	音声 信号
e	音波
e	下絵
e	下限
e	下作
e	下仕事
e	下手 投げ
e	下 唇
e	下調べ
e	下 熱
e	下馬評
e	下味
e	化粧品
e	化石
e	仮作
e	仮 柵
e	仮 歯
e	仮寝
e	仮睡
e	仮眠
e	仮免
e	仮免許
e	何 ヶ月
e	何者
e	何 日
e	価格競争
e	価格差
e	価格 調査
e	価格 低下
e	価値判断
e	加工品
e	加算
e	加速
e	加担
e	加入 者
e	可塑性
e	可動
e	可読
e	可読性
e	可燃 性
e	可能
e	可否
e	可不可
e	可溶性
e	夏休み
e	家づくり
e	家運
e	家庭教師
e	家庭 生活
e	果
e	歌
e	歌い手
e	歌 歌い
e	歌 境
e	歌姫
e	禍福
e	稼働
e	稼働 時間
e	花
e	花見
e	花束
e	花粉
e	花弁
e	華奢
e	過ぎ 者
e	過渡
e	過熱
e	過分
e	霞
e	我
e	画家
e	介
e	介護
e	会員 資格
e	会社 名
e	会費
e	解除
e	解説 文
e	解体屋
e	解答
e	解任
e	解剖
e	解明
e	解約
e	回し
e	回帰
e	回収
e	回答
e	回避
e	回礼
e	塊
e	塊状
e	快 笑
e	快諾
e	怪光 線
e	悔し涙
e	懐疑
e	懐 具合
e	戒名
e	改革
e	改悟
e	改作
e	改新
e	改 進
e	改造
e	改定
e	改訂
e	改変
e	改編
e	海原
e	海神
e	海水
e	海水浴
e	海賊
e	海難救助
e	灰
e	灰 褐色
e	灰色
e	皆
e	皆様
e	絵画
e	絵手紙
e	絵馬
e	絵筆
e	開き
e	開け 方
e	開花 時期
e	開業
e	開催
e	開示
e	開拓
e	開発 期間
e	開票
e	開腹
e	貝殻
e	外圧
e	外掛け
e	外患
e	外見
e	外交
e	外務
e	外枠
e	外寇
e	該当者
e	蛙
e	垣根
e	各 パーツ
e	拡大
e	拡張
e	拡幅
e	核 反応
e	殻
e	確か
e	確実
e	確証
e	確定
e	確定 的
e	確認
e	確報
e	確立
e	角栓
e	較差
e	隔世の感
e	革
e	革新
e	革命
e	学芸員
e	学者 肌
e	学殖
e	学生 たち
e	学生 生活
e	学生 達
e	学費
e	楽観
e	楽士
e	楽師
e	楽人
e	楽天
e	楽天市場
e	顎
e	割り増し
e	割れ目
e	喝采
e	活劇
e	活動家
e	活用
e	株式
e	株主 資本
e	鎌倉幕府
e	乾性
e	冠婚葬祭
e	刊
e	刊行
e	勧め
e	勧業
e	勧奨
e	勧進
e	勧誘
e	巻き 舌
e	喚起
e	完遂
e	完売
e	完備
e	完了
e	官許
e	干渉
e	幹部
e	感じ
e	感応
e	感覚
e	感情
e	感触
e	感想
e	感想 メール
e	慣性
e	換気
e	換金
e	歓呼
e	汗
e	漢方
e	環境
e	環境 影響
e	環境 配慮
e	環境変数
e	環境保護
e	環境保全
e	甘 さ
e	甘み
e	甘口
e	甘辛
e	甘味
e	監護
e	監査
e	監視
e	監督
e	看護
e	簡素 化
e	簡単 操作
e	簡約
e	簡略
e	緩み
e	緩やか
e	緩急
e	緩 速
e	緩和
e	肝 機能
e	肝試し
e	観
e	観光 案内 所
e	観察
e	観測
e	還付
e	間取り
e	関が原 の 戦い
e	関の山
e	関わり
e	関越自動車道
e	関門
e	韓国
e	韓国人
e	岩手
e	願い
e	企業家
e	企業間 競争
e	危機管理
e	危険信号
e	危惧
e	喜怒
e	喜怒哀楽
e	基準
e	基準財政需要額
e	基礎 データ
e	基地
e	基地外
e	基地問題
e	基調
e	基本
e	基本合意
e	奇才
e	奇想
e	奇抜
e	奇癖
e	寄り切り
e	寄り倒し
e	寄進
e	寄生虫
e	寄付
e	寄付 ・ 寄附
e	寄与
e	希望 価格
e	希 覯
e	旗手
e	既刊
e	既視感
e	既報
e	期限
e	期日
e	機会均等
e	機嫌
e	機能 訓練
e	機密費
e	帰依
e	帰巣性
e	気
e	気 の 張り
e	気まま
e	気運
e	気温 差
e	気遣い
e	気質
e	気乗り
e	気色
e	気息
e	気配
e	気配り
e	気付き
e	気付け
e	気負い
e	気分
e	季刊
e	季節
e	稀
e	規制
e	規制強化
e	規整
e	規正
e	規正 ・ 規整
e	規則
e	規約
e	規律
e	記載 事項
e	記念
e	記念 講演
e	貴女
e	起業
e	起業家
e	起業家精神
e	起点
e	起伏
e	鬼
e	鬼神
e	戯作
e	技芸
e	技巧 派
e	技術開発
e	技術 指導
e	技術面
e	犠打
e	犠飛
e	疑似 体験
e	疑問
e	義父
e	義務
e	義理
e	議員
e	議論
e	吉左右
e	客観性
e	客気
e	客 先
e	客体
e	脚本家
e	逆コース
e	逆襲
e	逆転
e	逆転劇
e	逆流
e	久しぶり
e	久し振り
e	休み
e	休暇
e	休止
e	休心
e	休心 ・ 休神
e	休神
e	休戚
e	休息
e	休日
e	吸引
e	吸殻
e	吸湿 性
e	吸収
e	吸入
e	急上昇
e	急場
e	急性
e	急増
e	急騰
e	急報
e	救援
e	救護
e	救済
e	救命
e	求愛
e	求人
e	球菌
e	球状
e	究極
e	究明
e	給付
e	給与
e	旧 詠
e	旧交
e	旧作
e	旧 情報
e	拠出
e	拠出 ・ 醵出
e	虚
e	許し
e	許可
e	許諾
e	許認可
e	許否
e	距離感
e	漁獲
e	漁村
e	魚油
e	供給
e	供与
e	供養
e	侠盗
e	競り合い
e	競合
e	競作
e	競争心
e	競争相手
e	競争率
e	共存
e	共通点
e	共闘
e	共同募金
e	共鳴
e	共有 化
e	協賛
e	協調
e	協定
e	協力関係
e	協和
e	叫び
e	境遇
e	強
e	強化
e	強気
e	強記
e	強攻
e	強硬
e	強調
e	強迫観念
e	恐縮
e	教え
e	教育
e	教育 家
e	教育 活動
e	教育者
e	教育 条件
e	教員
e	教官
e	教護
e	教師
e	教授
e	教祖
e	教諭
e	狂言回し
e	狭め
e	脅威
e	興行
e	興奮
e	鏡開き
e	驚く べき
e	仰望
e	凝り
e	凝り性
e	曲直
e	極
e	極まり
e	極み
e	極め付き
e	極限
e	極彩色
e	極致
e	極点
e	極度
e	勤め
e	勤務
e	勤労
e	均一 性
e	均衡
e	禁圧
e	禁漁
e	禁止
e	禁酒
e	禁足
e	禁帯出
e	禁断
e	禁 転載
e	禁輸
e	禁欲
e	禁欲 生活
e	禁猟
e	禁令
e	菌糸
e	近衛
e	近詠
e	近刊
e	近業
e	近作
e	近所 付き合い
e	金気
e	金遣い
e	金箔
e	金離れ
e	金力
e	吟醸香
e	吟味
e	銀行 融資
e	苦言
e	苦心
e	苦労性
e	駆け引き
e	駆け出し
e	駆除
e	具
e	具合
e	愚考
e	空き 時間
e	空き 容量
e	空気
e	空室
e	空手 チョップ
e	空席
e	空前
e	空前絶後
e	空爆
e	空欄
e	偶作
e	偶然 性
e	偶像崇拝
e	偶力
e	櫛風沐雨
e	君子
e	君主
e	訓導
e	群
e	群れ
e	群集心理
e	群雄
e	軍勢
e	軍備
e	啓発
e	啓蒙
e	契丹
e	契約者
e	契約内容
e	掲載
e	掲載 許可
e	敬遠
e	敬老
e	景気循環
e	景況
e	稽古
e	経験
e	経済援助
e	経済活動
e	経済協力
e	経済支援
e	経済的 理由
e	経常 費
e	継ぎ足し
e	継承
e	継投
e	計画的
e	計画 変更
e	計算
e	計算 量
e	警衛
e	警固
e	警護
e	警護 ・ 警固
e	警告
e	警察
e	警備
e	警備員
e	警報
e	警防
e	軽減措置
e	軽打
e	軽量化
e	芸術家
e	劇化
e	激し さ
e	激化
e	激化 ・ 劇化
e	激賞
e	激辛
e	激戦
e	隙間
e	決まり
e	決まり 事
e	決まり文句
e	決勝
e	決心
e	決戦 場
e	決定
e	穴
e	結びつき
e	結界
e	結婚相手
e	結束
e	結滞
e	血
e	血 と 汗
e	血の気
e	血液検査
e	血液 循環
e	血気
e	血止め
e	血戦
e	血流
e	血 流量
e	月刊
e	月光
e	月日
e	月報
e	月明かり
e	倹約
e	健康 管理
e	健康保険
e	剣が峰
e	剣客
e	剣士
e	剣術
e	喧騒
e	堅持
e	建設業
e	憲章
e	捲土重来
e	検閲
e	検査
e	検索 結果
e	検証
e	検診
e	検討
e	検問
e	権利行使
e	牽制球
e	献金
e	献血
e	献身
e	研究
e	研究開発
e	研究者
e	研究 心
e	研修
e	研修生
e	研鑽
e	肩入れ
e	見学者
e	見送り
e	見舞 金
e	賢愚
e	鍵穴
e	元
e	元ネタ
e	原拠
e	原作
e	原石
e	原虫
e	原発
e	原油
e	厳正
e	厳選
e	厳罰化
e	幻想
e	減塩
e	減額
e	減刑
e	減産
e	減少傾向
e	減速
e	減農薬
e	減免措置
e	減量
e	減量 化
e	源
e	玄米 菜食
e	現行 制度
e	現実
e	現場検証
e	現場主義
e	現状
e	現状維持
e	現代人
e	現 段階
e	現地 調査
e	現役 世代
e	言い直し
e	言い方
e	言う に 及ば ず
e	言説
e	言葉 とがめ
e	言霊
e	限界点
e	個々人
e	個我
e	個室
e	個人差
e	個人 指導
e	個人情報
e	個人的意見
e	個人的 感想
e	個性化
e	個別指導
e	古 さ
e	古今 未曾有
e	古書
e	古代遺跡
e	古風
e	古本
e	呼び出し
e	呼び声
e	呼び鈴
e	呼吸
e	呼吸 音
e	呼出音
e	固まり
e	固め 打ち
e	固守
e	固定 客
e	固定資産税
e	固有
e	姑
e	故意
e	故事
e	故障者
e	枯れ枝
e	枯れ葉
e	糊
e	袴
e	股
e	虎口
e	雇用
e	雇用 機会
e	雇用契約
e	雇用 情勢
e	雇用 状況
e	鼓吹
e	鼓舞
e	五感
e	五胡十六国
e	五代十国
e	五分
e	午睡
e	呉
e	後ろ 押し
e	後継者
e	後見
e	後 攻
e	後 攻め
e	後 座
e	後進
e	後天性
e	後味
e	御 協力
e	御 指摘
e	御 指導
e	御 報
e	御 理解
e	御 了解
e	御 了承
e	語句
e	護衛
e	護憲
e	護持
e	護身
e	護法
e	交じり
e	交易
e	交感
e	交歓
e	交際
e	交際費
e	交渉
e	交情
e	交替
e	交通規制
e	交通費
e	交通量
e	交付
e	候補者
e	光輝
e	光景
e	光合成
e	光 信号
e	光線
e	公
e	公安
e	公刊
e	公許
e	公共工事
e	公共事業
e	公差
e	公証
e	公職追放
e	公認
e	公認会計士
e	公表
e	公報
e	効率化
e	厚み
e	厚紙
e	厚底ブーツ
e	口 なめずり
e	口語
e	口腔ケア
e	口実
e	口上
e	口中
e	口頭
e	口頭 試問
e	向寒
e	向性
e	向日性
e	好塩菌
e	好対照
e	好 不調
e	孔子
e	工具
e	工作
e	工事
e	工事中
e	工費
e	幸 不幸
e	広告
e	弘法大師
e	恒常性
e	恒例
e	抗議 行動
e	抗告
e	抗日
e	抗弁
e	抗力
e	拘 縮
e	拘束具
e	控えめ
e	攻撃
e	攻守
e	攻防
e	攻略
e	更新
e	更正
e	校長 会
e	校内
e	校風
e	構想
e	構造改革
e	構築
e	江戸幕府
e	甲子園出場
e	皇国史観
e	硬化
e	硬式野球
e	硬調
e	紅一点
e	紅葉狩り
e	綱引き
e	考え物
e	考え方
e	考証
e	考慮
e	肯定
e	荒神
e	荒野
e	行い
e	行き来
e	行く手
e	行進
e	行政
e	行政サービス
e	行政 運営
e	講話
e	購入者
e	鉱物
e	降り
e	降雨
e	降雪
e	香味
e	高め
e	高 コスト 構造
e	高 域
e	高句麗
e	高校生
e	高校野球
e	高笑い
e	高 声
e	高値
e	高潮
e	高低
e	高 電圧
e	高度 差
e	高島屋
e	高濃度
e	高配
e	高揚
e	高麗
e	高齢
e	号令
e	合わせ 技
e	合意形成
e	合間
e	合衆国
e	合図
e	合成洗剤
e	合同 練習
e	合法 性
e	合理化
e	合力
e	壕
e	豪雨
e	豪州
e	克明
e	刻印
e	告白
e	国つ神
e	国債
e	国際感覚
e	国際競争
e	国際 協調
e	国民 的 議論
e	国務
e	黒船
e	黒潮
e	黒魔 法
e	腰骨
e	骨髄移植
e	今
e	今昔 の 感
e	今年
e	昆虫
e	昆虫 類
e	混色
e	混同
e	痕跡
e	魂胆
e	魂魄
e	左 四つ
e	左打ち
e	左 投げ
e	差し押さえ
e	差し 手
e	差し替え
e	差し入れ
e	差異
e	差違
e	差押え
e	査証
e	砂
e	砂利
e	砂埃
e	座頭市
e	債権回収
e	催し物
e	再インストール
e	再会
e	再開
e	再刊
e	再建
e	再検証
e	再現
e	再 交付
e	再出発
e	再戦
e	再 提出
e	再 登場
e	再発防止
e	再利用
e	最終需要
e	最終調整
e	最小化
e	最新情報
e	彩色
e	採血
e	採光
e	歳月
e	祭神
e	細菌 類
e	細工
e	菜食
e	裁可
e	裁許
e	裁定
e	際限
e	在庫
e	在日
e	財産権
e	財政
e	財務
e	財務 状況
e	財務 体質
e	財務 内容
e	阪神ファン
e	作意
e	作家
e	作況
e	作業時間
e	作曲家
e	作成
e	作製
e	作風
e	作柄
e	作用
e	削除
e	削除依頼
e	昨報
e	桜花
e	桜色
e	刷新
e	雑貨
e	雑草
e	雑踏
e	雑費
e	三 ヶ月
e	三顧の礼
e	三時間
e	三週間
e	三十分
e	三重殺
e	三段
e	三日
e	三拍子
e	三部作
e	三枚目
e	参加
e	参加 希望
e	参加 協力
e	参詣
e	参考
e	参入
e	参列
e	山の幸
e	山の神
e	山王
e	山地
e	山霊
e	散髪
e	産す な 神
e	産休
e	産土神
e	産婦人科
e	産 霊 の 神
e	蚕
e	賛成
e	賛成 反対
e	賛同 者
e	賛否
e	賛否両論
e	酸化 反応
e	酸味
e	暫定
e	暫定政権
e	残像
e	残塁
e	仕込み
e	仕事
e	仕事 上
e	仕事 内容
e	仕上がり
e	仕上げ
e	仕入れ
e	仕立て 上がり
e	使い 回し
e	使い捨て
e	使い手
e	使途
e	使用 回数
e	使用者責任
e	使用人
e	使用 率
e	刺激
e	刺殺
e	司法
e	史跡
e	四つ
e	四季
e	四季報
e	四球
e	四死球
e	四時間
e	四神
e	四年
e	姉弟
e	姿
e	子ども達
e	子供 心
e	子犬
e	子役
e	市況
e	市場価格
e	市場心理
e	市場調査
e	市内通話 料金
e	市民活動
e	市民 参加
e	志向
e	思い出し 笑い
e	思い当たり
e	思い入れ
e	思い付き
e	思う存分
e	思う様
e	思案
e	思索
e	思想
e	思念
e	思惑
e	指導
e	指導 案
e	指導員
e	指南
e	指紋
e	支援 措置
e	支所
e	支点
e	支払い
e	支払 義務
e	施策
e	施術
e	施設内
e	旨
e	枝葉
e	止めど
e	止血
e	死神
e	死 肉
e	死力
e	氏神
e	氏名 等
e	獅子舞
e	私権
e	私見
e	私信
e	糸目
e	至り
e	視覚
e	視覚障害者
e	視聴覚
e	視聴者
e	詩境
e	詩 神
e	詩人
e	試飲
e	試技
e	試供
e	試乗
e	試食
e	試問
e	試練
e	資格
e	資格 取得
e	資金面
e	資産デフレ
e	歯並び
e	歯磨き粉
e	事
e	事案
e	事業化
e	事業活動
e	事業 実施
e	事業 推進
e	事業展開
e	事故 防止
e	事後
e	事後 報告
e	事由
e	似 た よう な の
e	児童委員
e	字 状
e	持ち合い
e	持ち出し
e	時運
e	時価
e	時間
e	時代考証
e	時代 性
e	次作
e	滋味
e	治外法権
e	治療
e	治療 方針
e	磁器
e	磁気
e	磁性
e	磁束
e	磁力
e	示唆
e	自愛
e	自衛
e	自衛隊 派兵
e	自演
e	自給
e	自己 管理
e	自己実現
e	自己中心性
e	自己 表現
e	自国 語
e	自治
e	自治政府
e	自主 自立
e	自照
e	自制
e	自然
e	自然 さ
e	自然選択
e	自然保護
e	自然 林
e	自尊
e	自動車保険
e	自任
e	自認
e	自白
e	自負
e	自腹
e	自分
e	自慢
e	自民党政権
e	自由競争
e	自由研究
e	自律
e	自力
e	自恃
e	辞職
e	辞退
e	辞任
e	雫
e	七日
e	七年
e	叱正
e	執行
e	執行停止
e	執刀
e	執筆
e	湿り気
e	湿気
e	湿性
e	質屋
e	質疑
e	質素
e	質問
e	実 の ところ
e	実意
e	実演
e	実感
e	実験室
e	実行
e	実際
e	実質
e	実習
e	実証
e	実践
e	実体験
e	実態
e	実地
e	実費
e	実名
e	実用
e	実力 差
e	縞模様
e	写真家
e	社運
e	社会参加
e	社会生活
e	社会復帰
e	社会福祉
e	社交
e	社交 性
e	車 室内
e	蛇
e	邪神
e	借りて きた 猫 の よう
e	借金 返済
e	釈然
e	弱肉強食
e	主
e	主 イエス
e	主我
e	主観
e	主観性
e	主義主張
e	主計
e	主人公
e	主税
e	主 線
e	主体性
e	主張
e	主調
e	主役
e	取り下げ
e	取り壊し
e	取り合い
e	取り繕い
e	取り組み
e	取り調べ
e	取り返し
e	取り留め
e	取引 価格
e	取得
e	守り神
e	守り本尊
e	守株
e	守旧
e	守護
e	守護神
e	守秘義務
e	手
e	手の内
e	手ほどき
e	手まめ
e	手引き
e	手下
e	手加減
e	手筋
e	手作り
e	手仕事
e	手持ち無沙汰
e	手術
e	手順
e	手足
e	手短
e	手伝い
e	手渡し
e	手当て
e	手動
e	手放し
e	朱色
e	種まき
e	種子
e	種痘
e	趣味
e	酒 神
e	酒税
e	首肯
e	受け口
e	受け入れ
e	受け売り
e	受検 技術
e	受験者 数
e	受験生
e	受診
e	受諾
e	受注
e	寿命
e	授業
e	授業 研究
e	収穫 時期
e	収拾
e	収入印紙
e	周
e	周知
e	周知徹底
e	宗教 色
e	宗教 心
e	宗教性
e	宗教戦争
e	宗匠
e	宗派
e	就業
e	就業機会
e	就職
e	修交
e	修行
e	修身
e	修正
e	修正案
e	修得
e	修理
e	修了
e	修 煉
e	秋
e	秋 寒
e	秋風
e	終結
e	終息
e	終端
e	習慣
e	習作
e	習癖
e	臭覚
e	衆生
e	週刊
e	週報
e	集団行動
e	集中
e	集 注 攻撃
e	住まい
e	住宅街
e	住宅 建設
e	住宅 事情
e	十五年
e	十字架 上
e	十 数 年
e	十日
e	十年一日
e	従業員 数
e	汁
e	汁 気
e	重き
e	重ね重ね
e	重石
e	重大
e	重要
e	重要性
e	重力
e	銃弾
e	宿意
e	宿命
e	縮減
e	熟女
e	熟成
e	熟成 期間
e	出し
e	出し 投げ
e	出雲の神
e	出演作
e	出荷 時期
e	出 玉
e	出稽古
e	出欠
e	出血
e	出産
e	出自
e	出場
e	出精
e	出席
e	出題
e	出入り
e	出馬
e	出版権
e	出来 具合
e	出来事
e	出力
e	春寒
e	循環型社会
e	旬刊
e	楯
e	準備
e	準備期間
e	純化
e	醇化
e	醇化 ・ 純化
e	順逆
e	順番 待ち
e	処遇
e	処刑
e	処女
e	処女作
e	初刊
e	初耳
e	初心者
e	初心者マーク
e	所定 労働時間
e	所有者
e	所要
e	暑気払い
e	暑中見舞い
e	署名
e	署名運動
e	署名活動
e	書き出し
e	書き直し
e	書類 審査
e	諸 経費
e	諸費用
e	助
e	助け合い
e	助演 者
e	助教授
e	助教諭
e	助言
e	助手
e	助勢
e	助成
e	助太刀
e	助命
e	助力
e	女王
e	女殺し
e	女手
e	女神
e	女人禁制
e	女人結界
e	女性
e	女声
e	女装
e	女優
e	序章
e	除外
e	除草
e	商魂
e	商状
e	商品
e	唱歌
e	奨学
e	奨学金
e	奨励
e	小さ さ
e	小またすくい
e	小ネタ
e	小一時間
e	小宇宙
e	小我
e	小 休止
e	小型軽量 化
e	小遣い かせぎ
e	小成
e	小声
e	小節
e	小走り
e	小町
e	小腸
e	小便
e	小役
e	少子化
e	少数 者
e	少年たち
e	少年期
e	少年法
e	床下
e	承諾
e	承認
e	招待
e	松山
e	消化 吸収
e	消毒
e	消費
e	消費 意欲
e	消費 拡大
e	消費支出
e	消費者
e	消費税
e	焦点
e	照れ
e	照れ笑い
e	照れ 性
e	照準
e	笑
e	紹介
e	紹介 ページ
e	紹興酒
e	衝撃 音
e	衝突事故
e	証
e	証拠
e	証言
e	証人
e	証明
e	証明 力
e	詳細
e	詳報
e	象徴
e	上がり 気味
e	上げ膳据え膳
e	上下動
e	上靴
e	上限
e	上告
e	上手 回し
e	上手 投げ
e	上昇率
e	上乗せ
e	上澄み
e	上洛
e	上履き
e	乗り換え
e	乗り気
e	乗客
e	冗談 抜き
e	剰余金
e	城門
e	場外 ホームラン
e	常
e	常人
e	常套
e	常連
e	情意
e	情炎
e	情火
e	情況
e	情実
e	情状酌量
e	情調
e	情動
e	情念
e	情報開示
e	情報源
e	情報公開
e	情報提供
e	条件反射
e	条約
e	条例
e	浄化
e	状況
e	状態
e	蒸気
e	蒸発
e	譲位
e	醸成
e	飾り
e	植皮
e	植毛
e	職業訓練
e	職種
e	職責
e	職能
e	色とりどり
e	色香
e	色合い
e	色 数
e	色素 沈着
e	触れ合い
e	触覚
e	触感
e	食
e	食い意地
e	食事療法
e	食卓
e	食費
e	食用油
e	伸び
e	伸張
e	伸展
e	信仰
e	信任
e	信認
e	寝 だめ
e	寝技
e	寝室
e	寝食
e	寝息
e	寝返り
e	審議
e	審査員
e	審査基準
e	心 技 体
e	心算
e	心情
e	心身
e	心身 障害者
e	心性
e	心 積もり
e	心組み
e	心臓移植
e	心中
e	心変わり
e	心理学
e	心霊
e	慎重
e	慎重 論
e	新
e	新刊
e	新規
e	新旧
e	新興住宅地
e	新曲
e	新婚旅行
e	新作
e	新参
e	新参者
e	新式
e	新酒
e	新 情報
e	新人
e	新 増設
e	新 知識
e	新築
e	新入
e	新羅
e	新来
e	晋
e	浸透
e	深さ
e	深化
e	深呼吸
e	申し分
e	真っ向勝負
e	真剣勝負
e	真相 解明
e	真相究明
e	真如
e	神
e	神さま
e	神気
e	神祇
e	神経
e	神職
e	神田
e	神奈川
e	神様
e	神霊
e	神話
e	秦
e	親近
e	親交
e	親水性
e	親疎
e	親知らず
e	親和性
e	診断 治療
e	診断 名
e	診療
e	身性
e	身体障害者
e	身長 差
e	身分証明
e	辛さ
e	辛み
e	辛勝
e	進攻
e	進行
e	進出
e	進入
e	進 塁
e	震え 声
e	人
e	人びと
e	人為選択
e	人為 淘汰
e	人間ドック
e	人件費
e	人権擁護
e	人口
e	人口密度
e	人材
e	人材育成
e	人種
e	人性
e	人通り
e	人当たり
e	人物
e	人命救助
e	人目
e	人力車
e	刃物
e	甚だ
e	甚大
e	尽力
e	腎臓
e	陣容
e	酢 っ ぱみ
e	図書券
e	厨
e	厨房
e	吹雪
e	垂れ流し
e	推奨
e	推称
e	推賞
e	推進
e	推測
e	水しぶき
e	水位
e	水気
e	水源
e	水戸黄門
e	水際作戦
e	水準
e	水蒸気爆発
e	水神
e	水切り
e	水増し
e	水鳥
e	水道水
e	水分 子
e	水分 摂取
e	水分補給
e	水辺
e	水密
e	水揚げ
e	水溶性
e	睡魔
e	睡眠
e	遂行
e	随分
e	数カ所
e	数 ヵ月
e	数 ヶ月
e	数時間
e	数 週間
e	数 十 分
e	数値予報
e	数 点
e	数 日
e	菅原道真
e	世の常
e	世界
e	世界観
e	世慣れ
e	世間擦れ
e	世故
e	世知
e	世田谷
e	世話
e	是正
e	凄さ
e	凄まじ さ
e	制球
e	制限
e	制限 速度
e	制度 そのもの
e	制度 化
e	性
e	性感
e	性差
e	性情
e	性能 差
e	性分
e	性欲
e	成育
e	成心
e	成立
e	政 況
e	政策 転換
e	政治参加
e	政敵
e	政変
e	政務
e	整形 手術
e	整合
e	整備
e	整備 促進
e	正誤
e	正邪
e	正常化
e	正真正銘
e	正体
e	正念場
e	正反対
e	正否
e	清
e	清浄
e	清掃
e	清濁
e	生き神 様
e	生き 体
e	生き 霊
e	生ごみ
e	生育
e	生育 量
e	生涯
e	生涯スポーツ
e	生活 感
e	生活空間
e	生活指導
e	生活支援
e	生活反応
e	生産
e	生産 拡大
e	生産拠点
e	生産性 向上
e	生産 中止
e	生死
e	生糸
e	生者
e	生成
e	生体 反応
e	生物時計
e	生命 反応
e	生理
e	生理現象
e	生理 日
e	盛衰
e	精
e	精子
e	精神障害者
e	精神病院
e	聖歌
e	聖者
e	聖書
e	聖女
e	聖人
e	聖水
e	聖哲
e	聖徳太子
e	聖母
e	聖夜
e	声価
e	声楽家
e	声質
e	声名
e	声優
e	西夏
e	誓約書
e	青い鳥
e	青汁
e	青少年
e	青天の霹靂
e	静か
e	静止
e	静寂
e	静電気
e	税金
e	税務
e	斥力
e	石化
e	石灰 化
e	石油
e	積もり
e	積極性
e	積雪
e	責務
e	赤ら顔
e	赤禍
e	赤鬼
e	赤水
e	赤 味
e	赤面
e	跡
e	切り返し
e	切れ
e	切開
e	切実 さ
e	拙速
e	接種
e	接続 性
e	摂取
e	摂食
e	設計 者
e	設題
e	設備投資
e	設問
e	節
e	節煙
e	節減
e	節酒
e	節制
e	節電
e	節約
e	説得
e	説明
e	雪
e	雪駄
e	雪道
e	絶叫
e	絶後
e	絶唱
e	舌なめずり
e	仙道
e	先覚
e	先攻
e	先制
e	先制攻撃
e	先生
e	先達
e	先天性
e	宣旨
e	宣撫
e	専任 講師
e	専売特許
e	専門家
e	川上
e	戦況
e	戦後
e	戦後 復興
e	戦士
e	戦線離脱
e	戦争反対
e	戦友
e	洗い物
e	洗浄
e	洗濯 物
e	洗礼
e	染色
e	潜在意識
e	潜在能力
e	穿刺
e	線維 化
e	線画
e	羨望
e	船霊
e	選び
e	選 球
e	選挙協力
e	選曲
e	選考
e	選考 会
e	選択 科目
e	選抜
e	閃光
e	前景気
e	前後 関係
e	前座
e	前作
e	前祝い
e	前人未到
e	前代未聞
e	前評判
e	前立腺
e	善し悪し
e	善因善果
e	善玉
e	然諾
e	全く
e	全開
e	全額
e	全国 統一
e	全身全霊
e	全人
e	全責任
e	全米
e	全面 協力
e	塑性
e	租税
e	粗品
e	素
e	素行
e	素材
e	素振り
e	訴追
e	阻止
e	僧侶
e	創意
e	創価学会
e	創刊
e	創作
e	創造
e	宋
e	想い出
e	想定
e	想到
e	想念
e	捜索
e	挿入
e	掻爬
e	操
e	操守
e	操縦席
e	早 さ
e	早め
e	早期
e	早期 治療
e	早期 着工
e	早期 導入
e	早起き
e	早 成
e	早打ち
e	早 発
e	早 発 性
e	巣
e	相
e	相違
e	相違 点
e	相姦
e	相互 干渉
e	相互 協力
e	相互理解
e	相四つ
e	相思
e	相性 問題
e	相続
e	相打ち
e	相聞
e	総合
e	総辞職
e	総点
e	総 点検
e	草稿
e	草野球
e	装い
e	装飾
e	装飾 性
e	装備
e	走 性
e	走塁
e	送りバント
e	送り倒し
e	送球
e	送料
e	送料 無料
e	霜
e	増
e	増し
e	増員
e	増援
e	増加
e	増加傾向
e	増刊
e	増強
e	増減
e	増進
e	増勢
e	臓器移植
e	贈与税
e	造詣
e	促進
e	即興
e	即決
e	即効
e	即座
e	即諾
e	即答
e	息
e	息遣い
e	息抜き
e	足まめ
e	足技
e	足跡
e	足袋
e	足 払い
e	足並み
e	足留め
e	速乾性
e	速攻
e	速度
e	速度 差
e	速報
e	続投
e	続騰
e	続報
e	卒業
e	卒業研究
e	卒論
e	其処
e	存じ寄り
e	存在 証明
e	存在理由
e	存続
e	存分
e	存命
e	存立
e	孫
e	尊王
e	尊皇
e	尊皇 ・ 尊王
e	損
e	損害 賠償請求権
e	村夫子
e	遜色
e	他
e	他愛
e	他 極
e	他者 性
e	他方
e	多 さ
e	多角
e	多 極
e	多読
e	多方面
e	多様化
e	太線
e	太平洋戦争
e	太陽
e	太陽神
e	唾
e	唾液
e	妥当
e	妥当性
e	惰力
e	打ち
e	打ち合い
e	打開
e	打球
e	打線
e	打点
e	打倒
e	駄目押し
e	駄洒落
e	体位
e	体液
e	体外受精
e	体格 差
e	体感
e	体験
e	体質
e	体臭
e	体重 差
e	体制 整備
e	体 中
e	体力 づくり
e	体力 作り
e	対
e	対価
e	対極
e	対決
e	対策
e	対人 関係
e	対等合併
e	対面
e	対面販売
e	対流
e	対話
e	耐湿 性
e	耐震
e	耐 摩耗 性
e	帯域
e	待ち伏せ
e	待避
e	待望
e	泰
e	胎動
e	胎内
e	袋小路
e	貸し
e	退位
e	退院
e	退 隠
e	退官
e	退却
e	退 局
e	退治
e	退社
e	退 所
e	退場
e	退職
e	退陣
e	退団
e	退潮
e	退任
e	退避
e	退役
e	鯛
e	代わり
e	代金
e	代 稽古
e	代打
e	代替
e	代替 案
e	代表
e	台
e	台形
e	台湾
e	台湾語
e	大の字
e	大 移動
e	大 音声
e	大我
e	大外刈り
e	大 学名
e	大器
e	大気圏
e	大型 魚
e	大型 店
e	大工 仕事
e	大慈大悲
e	大酒
e	大衆
e	大衆性
e	大 出力
e	大笑
e	大人
e	大声
e	大層
e	大掃除
e	大蔵
e	大任
e	大波
e	大 容量
e	大量消費
e	第一声
e	第 一報
e	第三部
e	第二部
e	第二話
e	濁流
e	諾
e	諾意
e	諾否
e	奪還
e	脱会
e	脱出
e	脱色
e	脱水
e	脱退
e	脱党
e	脱藩
e	脱毛
e	脱力
e	単価
e	単彩
e	単純
e	単身赴任
e	単打
e	嘆願
e	担い手
e	担税力
e	担任
e	探求
e	探検
e	淡泊
e	短 打
e	短調
e	短編
e	胆力
e	誕生 会
e	団結
e	団体 客
e	弾丸
e	弾性
e	弾薬
e	弾力 的
e	断食
e	断層
e	断定
e	断熱
e	断片化
e	段ボール
e	男らしさ
e	男子 禁制
e	男声
e	値引き
e	値下がり
e	値下げ
e	値下げ 競争
e	値札
e	値上がり
e	知らせ
e	知覚
e	知恵熱
e	知見
e	知的 活動
e	地域 活動
e	地域振興
e	地域福祉
e	地殻変動
e	地気
e	地祇
e	地球温暖化対策
e	地球 上
e	地声
e	地層
e	地方都市
e	地霊
e	弛緩
e	恥じらい
e	稚魚
e	置換
e	致仕
e	蜘蛛
e	遅速
e	茶々
e	茶飯事
e	着意
e	着実
e	着手
e	着色
e	着信
e	着想
e	中
e	中華
e	中華人民共和国
e	中 許し
e	中古 市場
e	中国
e	中国 国内
e	中国市場
e	中心
e	中身
e	中 辛
e	中性
e	中正
e	中 速
e	中風
e	中立
e	仲
e	仲間 内
e	忠告
e	昼食 会
e	昼寝
e	注意義務
e	注目
e	貯蓄
e	弔意
e	弔慰
e	弔事
e	弔辞
e	張り紙
e	張り手
e	張力
e	挑戦
e	朝
e	朝 寒
e	朝鮮
e	朝敵
e	朝礼
e	潮流
e	町おこし
e	眺望
e	聴覚
e	聴許
e	聴視 覚
e	聴衆
e	調
e	調音
e	調査結果
e	調査 票
e	調査 方法
e	調子
e	調達
e	調停
e	調度
e	調律 師
e	超音波
e	超克
e	超絶
e	超能力者
e	長期化
e	長期 計画
e	長期 投資
e	長時間
e	長 槍
e	長短
e	長男
e	長調
e	長文
e	長旅
e	鳥 たち
e	勅勘
e	勅令
e	直し
e	直感
e	直観
e	直球
e	直撃
e	直情
e	直線 コース
e	沈静 化
e	沈殿
e	沈黙
e	賃労働
e	鎮護
e	鎮静
e	追加
e	追放
e	痛覚
e	通過
e	通気
e	通産
e	通商
e	通常
e	通常 実施権
e	通信費
e	通達
e	通訳
e	通話料
e	爪
e	釣り人
e	低め
e	低 コスト 化
e	低 域
e	低 価格競争
e	低 声
e	低速
e	低廉
e	停会
e	停止
e	停止 ボタン
e	貞操帯
e	定員
e	定額 料金
e	定期 検診
e	定 在 波
e	帝王切開
e	底
e	底割れ
e	底質
e	底生生物
e	底辺
e	弟子
e	弟子 たち
e	提言
e	締まり
e	締め切り
e	締切り
e	訂正
e	邸 内
e	敵性
e	敵方
e	敵味方
e	滴
e	笛 吹き
e	適材
e	適者生存
e	適正化
e	適否
e	適 不適
e	哲人
e	徹底
e	徹底抗戦
e	徹夜
e	撤回
e	撤廃
e	鉄鋼
e	鉄条網
e	鉄槌
e	典拠
e	天つ神
e	天安門広場
e	天下統一
e	天気予報
e	天皇
e	天女
e	天神
e	天然
e	天魔
e	天目山
e	天野
e	展開
e	展性
e	店 づくり
e	店員
e	店舗 数
e	添え
e	添加
e	添削
e	添付
e	添付 ・ 添附
e	添付ファイル
e	添附
e	転移
e	転校
e	転送速度
e	点
e	点差
e	伝言
e	伝承
e	伝説
e	伝染 性
e	伝達
e	伝播
e	伝令
e	電圧降下
e	電源 スイッチ
e	電光
e	電車 内
e	塗炭
e	塗料
e	登山靴
e	登場
e	登頂
e	途中下車
e	都合
e	都市化
e	都市 環境
e	都市計画税
e	努力
e	土砂
e	土壌 ｐＨ
e	土壌 水分
e	土壇場
e	土地利用
e	土俵際
e	土埃
e	奴
e	奴ら
e	奴等
e	怒張
e	倒閣
e	倒幕
e	倒木
e	冬
e	唐
e	島唄
e	投げ
e	投げ技
e	投下
e	投機
e	投球
e	投降
e	投資
e	投資 意欲
e	投資 環境
e	投入
e	投法
e	投薬
e	搭載
e	東京都
e	盗塁
e	淘汰
e	湯煙
e	湯気
e	当たり 外れ
e	当 てっこ
e	当て物
e	当 院
e	当該 権利
e	当否
e	痘苗
e	等速
e	答
e	答案
e	糖
e	統一
e	統合 化
e	統廃合
e	到達
e	到着
e	豆知識
e	豆鉄砲
e	豆腐屋
e	透過 性
e	透水性
e	透徹
e	鐙
e	陶酔
e	頭
e	頭巾
e	頭声
e	闘争
e	闘争心
e	闘争本能
e	動機
e	同意
e	同一性
e	同化
e	同居
e	同情
e	同情 心
e	同心
e	同棲
e	同定
e	同点ゴール
e	同様
e	同類
e	洞察
e	童心
e	道しるべ
e	道楽
e	道草
e	峠
e	得失
e	得物
e	特異 体質
e	特急
e	特訓
e	特産
e	特産品
e	特殊
e	特徴
e	特定
e	特筆
e	特別措置
e	特報
e	特命
e	特立
e	特例
e	禿
e	毒 よ け
e	毒蛇
e	独り言
e	独眼竜
e	独立国家
e	独立戦争
e	読者
e	読書 活動
e	読書感想文
e	読書 時間
e	突き出し
e	突っ張り
e	突進
e	突破
e	突厥
e	届け
e	届け出
e	届出義務
e	酉の市
e	内
e	内懐
e	内観
e	内股
e	内実
e	内祝い
e	内助
e	内政
e	内諾
e	内偵
e	内定
e	内部 構造
e	内務
e	内蒙古
e	内訳
e	薙刀
e	謎
e	南アフリカ
e	南下
e	南国 ムード
e	南北戦争
e	軟化
e	軟調
e	二 ヶ月
e	二元論
e	二時間
e	二者択一
e	二種類
e	二十年
e	二十分
e	二 進 一 退
e	二 択
e	二度寝
e	二日
e	二年 半
e	肉眼
e	肉体労働
e	肉弾
e	肉片
e	日の下開山
e	日の目
e	日刊
e	日系企業
e	日焼け
e	日照り
e	日常 性
e	日常茶飯
e	日進月歩
e	日数
e	日報
e	日本語 対応
e	日曜大工
e	日用品
e	日露戦争
e	乳飲み子
e	乳液
e	乳酸
e	乳酸菌
e	乳房
e	乳幼児
e	入れ歯
e	入れ替え
e	入れ墨
e	入金
e	入試
e	入手
e	入植
e	入湯税
e	入門 者
e	入用
e	尿
e	尿意
e	妊婦 さん
e	忍耐
e	認許
e	認知
e	認容
e	濡れ
e	熱
e	熱 さ
e	熱源
e	熱情
e	熱線
e	熱中
e	熱風
e	熱弁
e	熱燗
e	年上
e	年報
e	年令
e	年齢 差
e	年齢制限
e	念
e	念願
e	燃費
e	粘性
e	粘着 性
e	濃い口
e	濃厚
e	濃緑 色
e	納税義務
e	納得
e	納入
e	能力 差
e	脳波
e	農水
e	農政
e	農林
e	把握
e	波 しぶき
e	派手 さ
e	破裂音
e	婆心
e	馬群
e	馬首
e	馬蹄 形
e	廃刊
e	廃棄
e	廃材
e	廃油
e	廃墟
e	拝 謝
e	排ガス
e	排出
e	排泄
e	背広
e	背水の陣
e	背日性
e	輩
e	輩出
e	配給
e	配偶者
e	配色
e	配慮
e	倍音
e	倍率
e	梅雨
e	梅雨 寒
e	梅園
e	煤
e	買い気
e	買い手 市場
e	買物
e	売り 気
e	売り込み
e	売り子
e	売り手 市場
e	蝿
e	博士
e	博士論文
e	博覧
e	白さ
e	白紙撤回
e	白色
e	白人
e	白刃
e	白濁
e	白兎
e	白斑
e	白粉
e	白 味
e	薄口
e	薄志
e	薄着
e	薄 味
e	爆笑
e	縛り
e	八岐大蛇
e	八方 手
e	発意
e	発育
e	発芽
e	発刊
e	発汗
e	発給
e	発禁
e	発券
e	発見
e	発効
e	発行
e	発散
e	発色
e	発信音
e	発信元
e	発振 周波数
e	発生件数
e	発生 源
e	発声 練習
e	発想
e	発注
e	発表 資料
e	発明
e	発問
e	発令
e	発兌
e	発 疱
e	罰則
e	抜き
e	伴侶
e	判じ物
e	判定
e	判明
e	判例
e	半休
e	半月
e	半作
e	半 睡
e	半袖
e	半年 以上
e	半年 近く
e	反ユダヤ主義
e	反応
e	反響
e	反攻
e	反作用
e	反射
e	反省
e	反証
e	反戦
e	反戦運動
e	反対 意見
e	反対派
e	反動
e	反発 力
e	反米
e	斑点
e	汎用 ドメイン
e	版行
e	犯人逮捕
e	繁簡
e	販売
e	販売 競争
e	販路拡大
e	範疇
e	晩節
e	晩飯
e	否定
e	否認
e	庇護
e	彼女たち
e	彼女 達
e	悲喜
e	悲恋
e	扉
e	批准
e	批正
e	披露
e	比高
e	皮膚感覚
e	秘密保持
e	秘密保持 義務
e	肥料
e	被災者
e	費消
e	避 退
e	非接触
e	非対称性
e	非暴力
e	飛鳥
e	飛報
e	飛躍
e	飛来
e	備蓄
e	微意
e	微苦笑
e	微笑
e	微衷
e	微妙
e	微力
e	美化
e	美醜
e	美術家
e	美神
e	鼻っぱし
e	鼻クソ
e	鼻呼吸
e	必携
e	必見
e	必殺
e	必至
e	必需
e	必勝
e	必須
e	必然性
e	必用
e	必要
e	必要性
e	筆 圧
e	筆意
e	筆 癖
e	筆力
e	百 も 承知
e	百済
e	標準偏差
e	氷
e	氷水
e	票数
e	表面張力
e	表裏
e	評
e	評価
e	評価 方法
e	病み付き
e	病院 内
e	病原性
e	病室
e	病態
e	品種
e	品柄
e	品目
e	貧富
e	敏感
e	敏感肌
e	不拡大
e	不思議 さ
e	不時着
e	不随
e	不随意運動
e	不測
e	不定 芽
e	不登校
e	不燃 性
e	不文
e	不明
e	不溶性
e	付き
e	付加
e	付加 ・ 附加
e	付近
e	布教
e	布陣
e	扶助
e	扶養 義務
e	敷居
e	斧正
e	普及 拡大
e	普及促進
e	普通
e	浮かぶ 瀬
e	浮き
e	浮力
e	父親
e	父母
e	負担軽減
e	附加
e	武士道
e	武神
e	武蔵
e	武道
e	部員 数
e	封
e	封鎖
e	風雨
e	風景
e	風神
e	風雪
e	風変わり
e	風呂 場
e	伏字
e	副収入
e	副反応
e	復刊
e	復興
e	復元
e	復刻
e	福音
e	福沢諭吉
e	福利
e	腹 具合
e	腹式呼吸
e	腹積もり
e	複雑
e	淵
e	仏
e	仏 さま
e	仏道
e	仏法
e	仏滅
e	仏 様
e	物
e	物 の 哀れ
e	物件 費
e	物言い
e	物思い
e	物資
e	物質
e	物色
e	物欲
e	物理的
e	物 力
e	分煙
e	分化
e	分外
e	分散投資
e	分数
e	分析
e	分担
e	分泌
e	分力
e	分裂
e	噴出
e	奮起
e	奮戦
e	奮闘
e	粉
e	粉塵
e	紛れ
e	文
e	文言
e	文書 等
e	文通
e	文部
e	文面
e	兵力
e	平衡
e	平衡感覚
e	平作
e	平常心
e	平等主義
e	閉止
e	閉庁
e	米
e	米軍基地
e	米国
e	別 行動
e	別世界
e	別 料金
e	偏愛
e	変化球
e	変更
e	変更 箇所
e	変更 等
e	変性
e	変成
e	変貌
e	片栗粉
e	片思い
e	片恋
e	編み物
e	編集者
e	編入
e	編物
e	返し 技
e	返す返す
e	返り討ち
e	返答
e	便り
e	便所
e	便乗
e	勉励
e	弁慶 の 泣きどころ
e	弁護
e	弁償
e	弁舌
e	鞭撻
e	保安
e	保育
e	保険料
e	保険料 収入
e	保 湿
e	保 湿性
e	保守
e	保障
e	保障 額
e	保全
e	保存
e	保存 活用
e	保養
e	捕球
e	歩き 方
e	歩行者
e	歩調
e	補強
e	補佐
e	補修
e	補助
e	補償
e	補正
e	補 訂
e	補弼
e	募金
e	募集 期間
e	墓参
e	墓場
e	母音
e	母集団
e	菩薩
e	包囲網
e	呆れ 顔
e	報い
e	報告 数
e	報奨
e	報道陣
e	奉仕
e	抱腹絶倒
e	放下
e	放棄
e	放水
e	放線 菌
e	放熱
e	放念
e	方位
e	方形
e	方策
e	法規制
e	法整備
e	法的責任
e	法務
e	法律問題
e	泡
e	砲撃
e	胞子
e	訪問
e	訪問看護
e	訪問者
e	豊凶
e	飽食
e	鳳凰
e	亡者
e	剖検
e	坊主
e	忙し さ
e	暴風雨
e	棒球
e	冒険
e	貿易収支
e	防衛
e	防疫
e	防火
e	防寒
e	防空頭巾
e	防御
e	防災
e	防災訓練
e	防除
e	防食
e	防水
e	防毒
e	防犯
e	防腐
e	北京語
e	北朝鮮
e	北魏
e	墨
e	墨守
e	撲滅
e	牧神
e	牧羊神
e	勃起
e	没我
e	奔走
e	奔放
e	本格焼酎
e	本 規約
e	本質
e	本土決戦
e	本能
e	本編
e	本名
e	本命
e	本来
e	凡手
e	摩擦
e	摩耗
e	魔王
e	魔球
e	魔女
e	魔道
e	魔力
e	埋め立て
e	埋蔵金
e	埋蔵文化財
e	毎日 更新
e	万が一
e	満員
e	満車
e	満州
e	満席
e	満杯
e	満満
e	漫画家
e	味見
e	未刊
e	未曾有
e	密命
e	脈
e	妙
e	民間企業
e	民主
e	民主主義
e	民力
e	夢
e	夢中
e	無音 部分
e	無我
e	無 関心
e	無限
e	無口
e	無私
e	無識
e	無実
e	無償
e	無条件
e	無人島
e	無声
e	無痛
e	無添加
e	無難
e	無農薬
e	無頼
e	無料化
e	名前
e	命拾い
e	明らか
e	明暗
e	明確化
e	明記
e	明治維新
e	明示
e	明神
e	明白
e	迷路
e	鳴き
e	鳴り
e	鳴子
e	滅菌
e	滅私
e	免疫 応答
e	免許
e	免除
e	免税
e	面々
e	面影
e	面子
e	模倣
e	模様
e	模様替え
e	毛玉
e	毛筆
e	毛並み
e	猛 スピード
e	猛禽
e	猛攻
e	猛 打
e	猛追
e	猛 爆
e	猛 反撃
e	猛 反対
e	猛 反発
e	網 タイツ
e	蒙古
e	木陰
e	木精
e	木造
e	木霊
e	黙許
e	黙諾
e	黙認
e	目
e	目つき
e	目覚まし
e	目視
e	目処
e	目新し さ
e	目端
e	目的
e	目的物
e	籾
e	問
e	問い合わせ
e	問答
e	紋章
e	門出
e	夜寒
e	夜行性
e	夜働き
e	爺さん
e	野球
e	野心
e	野生
e	野選
e	野鳥
e	野望
e	役務
e	約 １０年
e	約 １ ヶ月
e	約 １年
e	約 ２０年
e	約 ２年
e	約 ３週間
e	約 ３年
e	約 ５年
e	約 一 ヶ月
e	約諾
e	約 半年
e	薬
e	油圧
e	油断
e	輸送量
e	優遇
e	優性
e	優先
e	優待
e	友達 付き合い
e	宥和
e	幽鬼
e	幽魂
e	幽霊
e	有意 差
e	有限
e	有効 利用
e	有象無象
e	有数
e	猶予
e	誘致
e	遊び
e	遊び 感覚
e	遊離
e	郵政
e	郵政民営化
e	雄
e	雄編
e	融資
e	予行 演習
e	予算 内
e	予習 復習
e	予定価格
e	予備 知識
e	予備費
e	予報
e	予防 散布
e	予約 無し
e	余
e	余り
e	余韻
e	余技
e	余慶
e	余情
e	余生
e	余談
e	余地
e	余分
e	与力
e	預託 金
e	幼児
e	幼虫
e	妖女
e	妖精
e	妖婦
e	妖魔
e	妖力
e	容赦
e	容積
e	容認
e	揚力
e	擁護
e	擁立
e	様子
e	溶連菌
e	用
e	用語
e	用心
e	用水
e	羊毛
e	要介護認定
e	要請 行動
e	要素
e	陽性
e	陽転
e	養鶏場
e	養護
e	養成
e	養生
e	抑制
e	抑揚
e	欲し さ
e	欲求
e	欲望
e	浴びせ倒し
e	裸
e	裸の王様
e	裸 女
e	裸婦
e	来意
e	来援
e	来世
e	来報
e	頼み
e	雷神
e	落掌
e	落 雪
e	落葉
e	落雷
e	乱れ 打ち
e	乱打
e	乱舞
e	濫発
e	蘭
e	利用
e	利用 促進
e	利用 目的
e	利用 料
e	利用 料金
e	利欲
e	理屈
e	理事
e	理想像
e	理想論
e	理非
e	理由
e	裏 拳
e	裏 書き
e	裏声
e	裏付け
e	裏門
e	里帰り
e	離愁
e	離職
e	離職 者
e	離脱
e	離党
e	離任
e	律
e	立ち技
e	立ち合い
e	立ち 役
e	立て 役
e	立位
e	立会人
e	立証
e	立法
e	流し打ち
e	流れ
e	流動性
e	流入
e	溜飲
e	溜息
e	留守
e	留置権
e	硫黄 臭
e	竜神
e	旅行者
e	旅愁
e	旅費
e	了解
e	了承
e	両極
e	両極端
e	両成敗
e	両生類
e	料理
e	涼
e	涼風
e	療法
e	療養 生活
e	良性
e	良否
e	領土
e	力学 的
e	力 関係
e	力 技
e	力 攻め
e	力仕事
e	力士
e	力添え
e	力投
e	力任せ
e	緑
e	緑黄色野菜
e	緑化
e	林政
e	臨機応変
e	臨床試験
e	輪廻転生
e	輪作
e	類
e	類型
e	類推
e	類題
e	例題
e	冷
e	冷え
e	冷 覚
e	冷気
e	冷血動物
e	冷水
e	礼
e	礼賛
e	礼状
e	霊
e	霊気
e	霊魂
e	霊 体
e	霊柩車
e	歴史
e	恋
e	恋路
e	連携 協力
e	連携 強化
e	連合
e	連合王国
e	連作
e	連続 投稿
e	連帯
e	連中
e	連投
e	連破
e	連絡 体制
e	路銀
e	路用
e	露出度
e	労作
e	労働
e	労働時間
e	労務
e	労役
e	労力
e	朗笑
e	老け役
e	老化
e	老巧
e	老熟
e	老人
e	老人介護
e	老年
e	蝋
e	論拠
e	論証
e	論戦
e	論敵
e	論点
e	倭 本 族
e	和解
e	和室
e	和食
e	和太鼓
e	和風
e	話し声
e	脇見
e	枠組
e	腕試し
e	腕前
e	匈奴
e	哄笑
e	哺乳類
e	嗚咽
e	埃
e	嬌名
e	幇助
e	彷徨
e	徘徊
e	惻隠
e	扁桃腺
e	掣肘
e	掟
e	攪拌
e	攘夷
e	桿菌
e	梵鐘
e	殷
e	渤海
e	爬虫類
e	狎昵
e	瑕疵担保責任
e	皺
e	礫
e	箏曲 家
e	絨緞 爆撃
e	羞恥心
e	肛門
e	隋
e	腑分け
e	蘊蓄
e	蜀
e	蟄居
e	贅沢
e	踵
e	蹉跌
e	躾
e	醵出
e	鉈
e	隕石
e	靄
e	魏
e	鮑
e	鹹味
e	麒麟