p	あこがれる
p	あじわう
p	かなう
p	こだわり が ある
p	したう
p	すがすがしい
p	すすめる
p	そろう
p	できあがる
p	なおる
p	ぬぐえる
p	はかどる
p	はがせる
p	はずせる
p	はたせる
p	ほっと する
p	ほめる
p	ほれる
p	ほれ込む
p	まぬがれる
p	みたす
p	もてなし て もらう
p	やせる
p	よろこぶ
p	ストレス が ない
p	愛さ れる
p	扱う こと が できる
p	扱う こと は できる
p	扱える
p	慰め て もらう
p	移す こと が できる
p	移す こと は できる
p	移せる
p	育つ
p	育て て くれる
p	育て て もらう
p	飲み干せる
p	飲み込める
p	温まる
p	改める
p	開け れる
p	開ける こと が できる
p	開ける こと は できる
p	外す こと が できる
p	外す こと は できる
p	外せる
p	楽しい
p	楽しむ
p	恰好 が つく
p	活かす
p	叶う
p	寛ぐ
p	感無量
p	慣れる
p	貫く こと が できる
p	貫く こと は できる
p	貫ける
p	間に合う
p	頑張る
p	頑張れる
p	喜ぶ
p	気にいる
p	気に入る
p	気持 が いい
p	気持ち が いい
p	気持ちいい
p	気持ち良い
p	貴ぶ
p	救う
p	教え て もらう
p	胸 が 踊る
p	胸 すく よう な
p	曲げる こと が できる
p	曲げる こと は できる
p	極める
p	薫る
p	契約 開始 できる
p	契約 更新 できる
p	契約 成立 できる
p	敬う
p	建てる こと が できる
p	建てる こと は できる
p	研く こと が できる
p	研く こと は できる
p	研ぐ こと が できる
p	研ぐ こと は できる
p	研ける
p	研げる
p	肩 荷 が おりる
p	肩身 が 広い
p	見せる こと が できる
p	見せる こと は できる
p	減らす こと が できる
p	減らす こと は できる
p	好く
p	好む
p	耕す こと が できる
p	耕す こと は できる
p	耕せる
p	合わせる こと が できる
p	合わせる こと は できる
p	惚れこむ
p	惚れる
p	惚れ惚れ
p	惚れ込む
p	産ま れる
p	産む こと が できる
p	産む こと は できる
p	産める
p	支払う こと が できる
p	支払う こと は できる
p	支払える
p	似合う
p	治 し れ もらう
p	治る
p	自信 が ある
p	実る
p	惹か れる
p	取り除く こと が できる
p	取り除く こと は できる
p	取り除ける
p	受け付け られる
p	授かる
p	授け て もらう
p	収まる
p	修める
p	祝っ て もらう
p	出来 上る
p	出来る
p	出来上がる
p	潤う
p	助かる
p	勝つ
p	勝てる
p	譲っ て もらう
p	伸びる
p	信じる
p	心酔 する
p	親しむ
p	吹ける
p	遂げる
p	澄む
p	整う
p	晴れる
p	盛り上げる
p	掻き立てる
p	送っ て もらう
p	贈る
p	足りる
p	足る
p	揃う
p	揃える こと が できる
p	揃える こと は できる
p	待ち遠しい
p	待遠しい
p	鍛え て くれる
p	鍛え て もらう
p	断ち切る
p	断切る
p	暖める
p	知ら せ て もらう
p	蓄える
p	貯える
p	貯める
p	調う
p	調べる こと が できる
p	調べる こと は できる
p	調べる て もらう
p	跳べる
p	捗る
p	直し て もらう
p	直る
p	適う
p	動か せる
p	動かす こと が できる
p	動かす こと は できる
p	動く こと が できる
p	動く こと は できる
p	動ける
p	導く こと が できる
p	導く こと は できる
p	導ける
p	憧れる
p	匂う
p	入れ て もらう
p	買い戻せる
p	薄らぐ
p	付き合う
p	富む
p	撫で て もらう
p	編む こと が できる
p	編む こと は できる
p	編める
p	保つ
p	縫える
p	望める
p	満たす こと が できる
p	満たす こと は できる
p	満腹
p	味わう
p	免れる
p	儲 る
p	儲かる
p	優る
p	落ち着く
p	落ち着ける
p	履ける
p	理解 できる
p	離せる
p	労っ て もらう
p	賄う こと が できる
p	賄う こと は できる
p	賄える
p	恍惚
p	憬れる
p	挾め る
p	揉ん で もらう
p	ＧＯＯＤ
p	Ｇｏｏｄ
p	ＶＩＰ
p	ｇｏｏｄ
p	あう
p	あか抜ける
p	あでやか
p	あわせ やすい
p	いい
p	いい あんばい
p	いい 感じ
p	いい 気持ち
p	いい 気分
p	いい 具合
p	いかす
p	いじらしい
p	いたいけ
p	いとおしい
p	うきうき
p	うっとり
p	うなづける
p	うまい
p	えり抜き
p	おいしい
p	おおらか
p	おしゃま
p	おすすめ
p	おとなしやか
p	おなじみ
p	お気にいり
p	お気に入り
p	お茶の子 さい さい
p	お買い得
p	かいがいしい
p	かしこい
p	かっちり
p	かっ達
p	かわいらしい
p	きっちり
p	きびきび
p	きびきび する
p	きめ細か
p	きめ細かい
p	きらめく
p	きりりと
p	くつろげる
p	けざやか
p	こころよい
p	こざ っ ぱ らい
p	こなす
p	こなせる
p	こなれる
p	こわい もの 知る ぬ
p	さかしい
p	さすが
p	さとい
p	さりげ ない
p	ざっくばらん
p	しおらしい
p	したしい
p	しっくり
p	しっとり
p	しのぐ
p	しめやか
p	しゃれる
p	しんなり
p	すご腕
p	すすどい
p	すばやい
p	すばらしい
p	すべすべ
p	すらり
p	ずばぬける
p	ずば抜ける
p	そこはかとない
p	そそる
p	ぞっこん
p	たくましい
p	たぐい まれ な
p	たやすい
p	ちゃんと
p	ちょうど いい
p	ちょうど 良い
p	つかみ やすい
p	つぶら
p	つましい
p	つまびらか
p	つやつや
p	つややか
p	どんぴしゃり
p	なじむ
p	なじめる
p	なつかしい
p	なまめかしい
p	にぎにぎしい
p	のびのび
p	のびやか
p	はえる
p	はしこい
p	ばら色
p	ひきしまる
p	ひけ をる ない
p	ぴか一
p	ぴちぴち
p	ぴったり
p	ふさわしい
p	ふたつ ない
p	ふっくら
p	ふんだん
p	ふんわり
p	ぷりぷり
p	べた 惚れ
p	べらぼう
p	べら棒
p	ほっそり
p	ほのぼの
p	ほほえましい
p	ほれぼれ
p	まずまず
p	まとまる
p	まばゆい
p	まめやか
p	みずみずしい
p	みめよい
p	むつ まま じい
p	めきめき
p	めざましい
p	めずらしい
p	めでたい
p	もっけの幸い
p	もの珍しい
p	やさしい
p	やすやす
p	やり手
p	やわらかい
p	やんごとない
p	やんわり
p	ゆかしい
p	ゆったり
p	ゆとり が ある
p	よく 気が付く
p	よろしい
p	らい落
p	りりしい
p	りん し た
p	わかり やすい
p	わくわく
p	アジ が ある
p	イイ
p	インテリジェント
p	ウケる
p	エクセレント
p	エポックメーキング
p	オススメ
p	カッコ いい
p	カリスマ 的
p	キビキビ
p	クリア
p	グッド
p	グッドルッキング
p	ゴージャス
p	シ ビレ る
p	シャレる
p	シル キー
p	ジェントル
p	スゲーッ
p	スゴクイイ
p	スペッシャル
p	スポーティ
p	セーフティ
p	セーフティー
p	ソフィスティケート
p	ゾッコン
p	ダンディー
p	チャーミング
p	デリシャス
p	トップ
p	トルクフル
p	ドレッシー
p	ハイ パワー
p	ハイカラ
p	ハイクラス
p	バツグン
p	ビビッド
p	ビューティフル
p	ピカ イチ
p	ピッタリ
p	ピュア
p	ファンタスチック
p	ファンタスティック
p	ベストチョイス
p	ベター
p	マル
p	メキメキ
p	メジャー
p	メリット が ある
p	メリハリ が ある
p	ラ ク チン
p	ラ クラ ク
p	レア
p	愛くるしい
p	愛しい
p	愛らしい
p	愛想 いい
p	愛想 が 良い
p	愛想 よく
p	悪気 ない
p	扱い やすい
p	安閑
p	安上り
p	安定 する
p	安定 的
p	偉い
p	委せる こと が できる
p	委せる こと は できる
p	威風 堂々
p	意欲 的
p	易々
p	易易
p	違和感 が ない
p	違和感 ない
p	違和感 は ない
p	一級 品
p	一糸 も 乱れ ない
p	一石二鳥
p	一徹
p	印象 的
p	印象深い
p	引き伸ばせる
p	引っ張りだこ
p	右 に 出る もの が ない
p	映えばえしい
p	映える
p	悦ばしい
p	円やか
p	艶 が ある
p	汚れ にくい
p	奥ゆかしい
p	奥床しい
p	奥深い
p	押し が ある
p	何気ない
p	何気無い
p	価する
p	価値 が ある
p	価値 は ある
p	可愛い
p	可愛らしい
p	可笑しい
p	家庭 的
p	家庭的
p	華 は ある
p	華々しい
p	華やかさ が ある
p	華華しい
p	画期的
p	会う こと が できる
p	会う こと は できる
p	会える
p	解放 的
p	快哉
p	懐 が 深い
p	開放 的
p	外柔内剛
p	該博
p	格好 良い
p	格好いい
p	格上げ
p	格段
p	格別
p	革新 的
p	学ぶ こと が できる
p	学ぶ こと は できる
p	学べる
p	楽々
p	楽しめる
p	楽ちん
p	顎 が 落ちる
p	割 が いい
p	割に 合う
p	割り に 合う
p	割る こと が できる
p	割る こと は できる
p	活きる
p	活き活き
p	活気 ある
p	滑脱
p	噛み あう
p	乾か せる
p	乾かす こと が できる
p	乾かす こと は できる
p	勧める
p	堪能 できる
p	完全 無欠
p	寛げる
p	寛大
p	寛闊
p	干せる
p	感じ が いい
p	感動 的
p	敢然
p	歓ぶ
p	汗 結晶
p	甘露
p	間然 するころ が ない
p	閑雅
p	閑閑
p	閑人
p	顔 が 広い
p	願っ て も ない
p	願わしい
p	危なげない
p	喜ばしい
p	奇跡 的
p	奇想天外
p	奇天烈
p	嬉々して
p	嬉しい
p	機嫌 が いい
p	毅然
p	毅然たる
p	毅然と
p	気 が おけ ない
p	気 が きい た
p	気 が 回る
p	気 が 若い
p	気 が 長い
p	気 が 利く
p	気 きい た
p	気 効い た
p	気 置け ない
p	気づよい
p	気安い
p	気強い
p	気高い
p	気丈夫
p	気品 が ある
p	気分 が いい
p	稀少
p	貴い
p	軌道 に 乗る
p	輝かしい
p	鬼 に 金棒
p	宜しい
p	義人
p	義理堅い
p	吸い込める
p	吸う こと が できる
p	吸う こと は できる
p	吸える
p	究極 的
p	許せる
p	強靭
p	恐い もの 知ら ず
p	恭しい
p	胸 が すく
p	興味 ある
p	興味 が ある
p	興味深い
p	興味津々
p	驚異 的
p	筋金入り
p	近代 的
p	金 に なる
p	金城鉄壁
p	金鉄
p	苦 も ない
p	苦 美味い
p	具合 よく
p	軍配 を 上げる
p	恵まれる
p	慧眼
p	敬服
p	敬慕
p	敬虔
p	景気 が 良い
p	経済 的
p	警抜
p	軽捷
p	芸 が こまかい
p	隙 ない
p	欠点 は ない
p	潔い
p	血 通う 人
p	兼ね備える
p	堅忍不抜
p	嫌み が ない
p	嫌味 が ない
p	見やすい
p	見よい
p	見易い
p	見込む
p	見目 よい
p	見目 良い
p	見目好い
p	謙抑
p	賢い
p	減ら せる
p	言い え て 妙
p	言う こと ない
p	言う 事 ない
p	個性 が ある
p	孤高
p	誇らか
p	誇らしい
p	誇れる
p	雇う こと が できる
p	雇う こと は できる
p	雇える
p	効き目 ある
p	効果 ある
p	口上手
p	向上 する
p	垢 ぬける
p	垢抜ける
p	好い
p	好ましい
p	好もしい
p	好意 的
p	好漢
p	好条件
p	好適
p	宏遠
p	宏量
p	巧緻
p	広々
p	広げる こと が できる
p	広げる こと は できる
p	広やか
p	広壮
p	広大
p	広漠
p	広量
p	広闊
p	昂揚
p	硬骨
p	肯定 的
p	行ける
p	香る
p	高まる
p	高める
p	高雅
p	高貴
p	高級 感 ある
p	高級 的
p	高潔
p	高尚
p	高水準
p	高大
p	高名
p	高邁
p	剛毅
p	剛健
p	剛胆
p	剛勇
p	合う
p	合わせ やすい
p	合格 点
p	合目的的
p	合理 的
p	豪い
p	豪華 万 点
p	豪気
p	豪儀
p	豪勢
p	豪壮
p	豪胆
p	豪宕
p	豪放
p	轟かせる
p	腰 が 強い
p	腰 が 低い
p	骨太
p	懇ろ
p	懇篤
p	混ぜる こと が できる
p	混ぜる こと は できる
p	差 が ない
p	差 は ない
p	座り やすい
p	座る こと が できる
p	座る こと は できる
p	最上
p	最上級
p	塞ぐ こと が できる
p	塞ぐ こと は できる
p	塞げる
p	犀利
p	細心
p	細密
p	細緻
p	際だつ
p	際立つ
p	冴える
p	三拍子 そろう
p	三拍子 揃う
p	燦燦
p	燦然
p	燦爛
p	賛成
p	賛同
p	斬新
p	仕合せ
p	使い やすい
p	使い 易い
p	刺激 的
p	思い切り いい
p	思わしい
p	旨い
p	至れ り 尽くせ り
p	至高
p	至便
p	試し 乗り できる
p	試す こと が できる
p	試す こと は できる
p	試せる
p	歯牙 に かけ ない
p	事足りる
p	似あわしい
p	似つかわしい
p	似合い
p	似合しい
p	慈しむ 深い
p	慈愛 深い
p	慈悲 深い
p	持ち運べる
p	持ち歩ける
p	治せる
p	耳 が 肥える て いる
p	自若
p	自信 たっぷり
p	自信 作
p	自分 向き
p	質感 が ある
p	質感 は ある
p	質実 剛健
p	実直
p	実用 的
p	捨てる こと が できる
p	捨てる こと は できる
p	酌み交わせ る
p	若々しい
p	若い
p	若若しい
p	取り扱い やすい
p	取り回し やすい
p	取り消す こと が できる
p	取り消す こと は できる
p	取り消せる
p	取り替える こと が できる
p	取り替える こと は できる
p	取る こと が できる
p	取る こと は できる
p	取消せ る
p	守る こと が できる
p	守る こと は できる
p	手がたい
p	手がるい
p	手ごたえ が ある
p	手ごろ
p	手っとり早い
p	手っ取り早い
p	手ばやい
p	手びろい
p	手軽い
p	手堅い
p	手厚い
p	手広い
p	手早い
p	手速い
p	手抜かり ない
p	手抜かり 無い
p	趣 が ある
p	受け取る こと が できる
p	受け取る こと は できる
p	秀でる
p	秀悦
p	秀麗
p	終える こと が できる
p	終える こと は できる
p	住む こと が できる
p	住む こと は できる
p	住める
p	充溢
p	充分
p	十 二 分 に
p	十分
p	柔かい
p	柔らか
p	柔らかい
p	俊敏
p	純良
p	順応
p	庶民 的
p	女らしい
p	勝る
p	勝れる
p	奨め
p	奨める
p	小 粋
p	小ぎれい
p	小意気
p	小器用
p	小気味 好い
p	小気味よい
p	小才 利く
p	小躍り する
p	床しい
p	消す こと が できる
p	消す こと は できる
p	消せる
p	省く こと が できる
p	省く こと は できる
p	省ける
p	賞賛 に 価する
p	賞嘆
p	上々
p	上位
p	上級
p	上向く
p	上根
p	上手い
p	上出来
p	上上吉
p	上等
p	情 が 深い
p	情け深い
p	情深い
p	拭く こと が できる
p	拭く こと は できる
p	拭ける
p	殖やす こと が できる
p	殖やす こと は できる
p	殖やせる
p	色 鮮やか
p	色っぽい
p	色気 が ある
p	伸ばす こと が できる
p	伸ばす こと は できる
p	伸ばせる
p	伸び が ある
p	伸び伸び
p	心 ある
p	心づよい
p	心安い
p	心温まる
p	心掛ける
p	心強い
p	心丈夫
p	心憎い
p	心地 良い
p	心地よい
p	心地好い
p	心置き ない
p	慎ましい
p	慎む 深い
p	新規 加入 できる
p	深遠
p	深奥
p	深切
p	申し込む こと が できる
p	申し込む こと は できる
p	申し込める
p	申込む こと が できる
p	申込む こと は できる
p	申込め る
p	真っ正直
p	真新しい
p	神々しい
p	神神しい
p	紳士 的
p	親しい
p	親しみ やすい
p	身 が 軽い
p	身ぎれい
p	辛 棒 づ よい
p	辛抱 づ よい
p	辛抱強い
p	人 あたり が いい
p	人 いい
p	人懐っこい
p	人気 が ある
p	人情 が 厚い
p	人目 を 引く
p	尋常
p	水際立つ
p	粋人
p	酔える
p	瑞々しい
p	瑞瑞しい
p	崇高
p	数少ない
p	澄ん
p	澄明
p	世界 最高
p	世話 が ない
p	世話好き
p	勢い が ある
p	整然
p	整然と
p	正正堂堂
p	正善
p	正統 派
p	清々
p	清々しい
p	清い
p	清新
p	清清
p	清清しい
p	清爽
p	清廉
p	清廉 潔白
p	生 やさしい
p	生き生き
p	盛りあがる
p	盛り上がる
p	盛栄
p	精しい
p	精細
p	精良
p	精悍
p	誠意 が ある
p	静謐
p	積み込める
p	積める
p	積極 的
p	絶大
p	絶品
p	先鋭
p	先駆 的
p	先進 的
p	尖鋭
p	洗い流せる
p	洗う こと が できる
p	洗う こと は できる
p	洗える
p	洗練 さ れ た
p	薦める
p	選ぶ こと が できる
p	選ぶ こと は できる
p	選べる
p	鮮鋭
p	善良
p	楚々たる
p	楚楚
p	素晴らしい
p	素早い
p	訴える こと が できる
p	訴える こと は できる
p	壮大
p	壮麗
p	掃ける
p	操る こと が できる
p	操る こと は できる
p	操る やすい
p	相応
p	相応しい
p	聡明
p	蒼古
p	蒼茫
p	走り やすい
p	走り 良い
p	走る こと が できる
p	走る こと は できる
p	増やす こと が できる
p	増やす こと は できる
p	増やせる
p	憎め ない
p	造作 ない
p	造作 も ない
p	捉える こと が できる
p	捉える こと は できる
p	存在 感 ある
p	尊い
p	尊大
p	損 は ない
p	多才
p	多士 済々
p	多能
p	多望
p	泰山 北斗
p	泰然 自若
p	大 満足
p	大いなる
p	大業
p	大人 っぽい
p	大人しい
p	鷹揚
p	卓越
p	卓出
p	卓絶
p	単簡
p	単品 買い できる
p	探す こと が できる
p	探す こと は できる
p	探せる
p	端正
p	端麗
p	胆 が 太い
p	暖か
p	暖かい
p	暖まる
p	男々しい
p	男らしい
p	男性 的
p	値する
p	知る 人 ぞ 知る
p	知性 的
p	稚い
p	着く こと が できる
p	着く こと は できる
p	注げる
p	張り ある
p	眺める こと が できる
p	眺める こと は できる
p	調子 が いい
p	超越
p	超凡
p	長ける
p	沈毅
p	珍しい
p	追加 購入 できる
p	通う こと が できる
p	通う こと は できる
p	通える
p	通り が いい
p	釣り合う
p	釣合う
p	停める こと が できる
p	停める こと は できる
p	定か
p	定評 ある
p	程よい
p	諦め いい
p	諦め られる
p	鄭重
p	擢んでる
p	敵 ない
p	敵 無い
p	適し て いる
p	適する
p	適応
p	適格
p	適宜
p	典雅
p	天空海闊
p	渡る こと が できる
p	渡る こと は できる
p	登る こと が できる
p	登る こと は できる
p	都雅
p	都会 的
p	陶然
p	頭 が 下がる
p	頭 が 低い
p	堂々
p	堂々たる
p	堂堂
p	得意満面
p	得難い
p	特別
p	篤い
p	篤実
p	独創
p	独創 的
p	独特
p	馴染む
p	馴染める
p	軟かい
p	軟らか
p	軟らかい
p	難 が ない
p	賑わしい
p	入り やすい
p	入る こと が できる
p	入る こと は できる
p	入魂
p	如才 が ない
p	如才 ない
p	任せる こと が できる
p	任せる こと は できる
p	認める
p	熱望
p	熱烈
p	燃やす こと が できる
p	燃やす こと は できる
p	燃やせる
p	粘り強い
p	濃やか
p	濃密
p	納まる
p	能 ある 鷹 は つめ を かくす
p	能 ある 鷹 は 爪 を 隠す
p	能力 が ある
p	覗ける
p	派手やか
p	破竹 勢い
p	馬力 が ある
p	廃り が ない
p	買い得
p	売れ て いる
p	剥が せる
p	剥がす こと が できる
p	剥がす こと は できる
p	剥く こと が できる
p	剥く こと は できる
p	剥せる
p	白眉
p	迫力 が ある
p	抜きんでる
p	抜け目 が ない
p	抜け目 が 無い
p	抜け目 ない
p	抜け目 無い
p	盤石
p	比べる こと が できる
p	比べる こと は できる
p	疲れ ない
p	疲れ 知らず
p	非の打ち所 が あり ませ ん
p	非の打ち所 が ない
p	非の打ち所 が 無い
p	非の打ち所 ない
p	飛び抜ける
p	備わる
p	微笑ましい
p	美々しい
p	美しい
p	美事
p	美味い
p	美味しい
p	鼻 が 高い
p	百花繚乱
p	百戦錬磨
p	品 が ある
p	品 が よい
p	品行 方正
p	敏い
p	敏活
p	不抜
p	不撓
p	富有
p	富裕
p	風雅
p	風流 人
p	風靡
p	幅利き
p	福福しい
p	腹 が 太い
p	腹 すわる た
p	腹太
p	沸 す こと が できる
p	沸 す こと は できる
p	沸か せる
p	沸かす こと が できる
p	沸かす こと は できる
p	物わかり が 良い
p	物わかり よい
p	物堅い
p	物知り
p	分 が ある
p	分 が いい
p	分かる やすい
p	分相応
p	聞く する に まさる
p	平滑
p	平気 平 左
p	平均 点 以上
p	平然
p	平然たる
p	平然と
p	並外れる
p	癖 が ない
p	別格
p	別懇
p	別嬪
p	補う こと が できる
p	補う こと は できる
p	補える
p	慕わしい
p	崩れ にくい
p	方正
p	芳しい
p	豊潤
p	豊満
p	飽き が こ ない
p	飽き こ ない
p	飽き 足りる
p	望ましい
p	望む
p	防ぐ
p	防ぐ こと が できる
p	防ぐ こと は できる
p	防げる
p	睦まじい
p	磨く こと が できる
p	磨く こと は できる
p	磨ける
p	末 たのもしい
p	末頼もしい
p	万鈞
p	満 す こと が できる
p	満 す こと は できる
p	満た せる
p	満ち た
p	満ち 溢れる
p	満ち足りる
p	満足
p	満足 する
p	味 が ある
p	味わい深い
p	味わえる
p	魅する
p	魅せる
p	魅力 が ある
p	魅力 的
p	魅惑 的
p	脈 が ある
p	夢 ごこち
p	夢心地
p	無尽蔵
p	無疵
p	名 ある
p	名 通っ た
p	名 機
p	名うて
p	名だたる
p	名高い
p	名車
p	名誉
p	明けっ広げ
p	明りょう
p	明るい
p	明達
p	明哲
p	明敏
p	鳴ら せる
p	鳴らす こと が できる
p	鳴らす こと は できる
p	面白 おかしい
p	面白 可笑しい
p	面白い
p	猛勇
p	儲ける こと が できる
p	儲ける こと は できる
p	目 が 高い
p	目 中 へ いれる て も 痛い ない
p	目 を 見張る
p	目 を 奪う
p	目映い
p	目指す こと が できる
p	目指す こと は できる
p	目指せ る
p	目出度い
p	目新しい
p	目抜き
p	目立つ
p	問題 ない
p	役だつ
p	役に立つ
p	役立つ
p	訳 無い
p	愉しい
p	癒す
p	優れる
p	優れる た
p	優生
p	優先 的
p	優等生
p	優等生 的
p	優良
p	優婉
p	勇ましい
p	勇壮
p	悠然
p	悠然と
p	悠長
p	悠悠
p	有り難い
p	有り余る
p	有難い
p	有能
p	遊ぶ こと が できる
p	遊ぶ こと は できる
p	遊べる
p	雄々しい
p	雄偉
p	雄雄しい
p	雄勁
p	雄渾
p	余裕 が ある
p	余裕 は ある
p	余裕綽綽
p	誉める 讃える
p	預ける こと が できる
p	預ける こと は できる
p	幼 け ない
p	妖艶
p	容易い
p	揺るぎない
p	溶かせる
p	用いる こと が できる
p	用いる こと は できる
p	用意 周到
p	欲 ない
p	欲張る ない
p	浴びる こと が できる
p	浴びる こと は できる
p	頼もしい
p	落ち着き払っ た
p	利く
p	利す
p	利口
p	理性 的
p	理想 通り
p	理想 的
p	裏切る ない
p	律儀
p	流す こと が できる
p	流す こと は できる
p	流せる
p	流行
p	流行る
p	流石
p	流用 できる
p	流麗
p	溜飲 が 下がる
p	粒ぞろい
p	凌ぐ
p	凌駕
p	涼しい
p	涼やか
p	良い
p	良い なる
p	良識 的
p	良心 的
p	力強い
p	力持ち
p	涙ぐましい
p	冷やす こと が できる
p	冷やす こと は できる
p	冷やせる
p	怜悧
p	玲瓏
p	麗しい
p	歴々
p	歴然たる
p	廉潔
p	廉直
p	朗らか
p	和らぐ
p	和らげる
p	話す 上手
p	腕 が 立つ
p	腕 に 覚える ある
p	腕きき
p	凛々しい
p	凛と
p	凛乎
p	凛然
p	凛凛
p	剴切
p	屁の河童
p	慥か
p	昵懇
p	洒々落々
p	洒落る
p	瀟洒
p	炯眼
p	煌煌
p	爛漫
p	甦生
p	痒いころ に 手 がどく
p	薔薇色
p	讚える
p	逞しい
p	鑽仰
p	闊達
p	鞏固
p	颯爽
n	あがく
n	あきらめる
n	あきる
n	あきれる
n	あきれる た
n	あせる
n	あなどる
n	あやしむ
n	あやぶむ
n	あやまる
n	あらそ う
n	あわてる
n	いたたまれない
n	いたむ
n	いつわる
n	いらだたしい
n	いら立つ
n	うつうつ
n	うなだれる
n	うなる
n	うらむ
n	うんざり
n	おちいる
n	おぼれる
n	かさばる
n	かなう ない
n	かなしむ
n	がたつく
n	がっくり
n	くさる
n	くずれる
n	くたびれる
n	くやむ
n	くるしむ
n	けだるい
n	こじらせる
n	こそばゆい
n	こたえる られる ない
n	こぼす
n	こまる
n	こりる
n	こわさ れる
n	さじ を 投げる
n	しから れる
n	しくじる
n	しょぼくれる た
n	しょんぼり
n	しんみり
n	せんない
n	たおれる
n	ためらう
n	だま すれ る
n	だます
n	だれる
n	ちがう
n	つぶす
n	つぶれる
n	つまずく
n	つらい
n	とがめる
n	なやむ
n	ねじれる
n	のぼせる
n	はげる
n	はずかしい
n	ばつ が 悪い
n	ひきつる
n	ひっかかる
n	ひもじい
n	びびる
n	ふらつく
n	ぶつかる
n	ぶれる
n	ぼける
n	ぼける た
n	まごつく
n	むかっと
n	むかつく
n	むせる
n	むせ返る
n	めくら れる
n	もたつく
n	もだえる
n	もつれる
n	もてあます
n	やつれる
n	やむない
n	やむをえない
n	ゆがむ
n	ゆきづまる
n	よごす
n	よごれる
n	わすれる
n	ガックリ
n	ストレス が ある
n	ツライ
n	ビビる
n	ポシャる
n	阿鼻叫喚
n	意気 消沈
n	引っ掛かる
n	引っ繰り返る
n	厭う
n	怨む
n	汚さ れる
n	汚す
n	汚れる
n	臆する
n	臆病 風 に 吹か れる
n	苛 つ
n	苛 つく
n	苛苛 する
n	苛立つ
n	我慢 し きれ ない
n	我慢 する
n	我慢 なら ない
n	餓える
n	壊さ れる
n	壊れる
n	怪しむ
n	悔しい
n	悔やむ
n	恰好 が つか ない
n	渇く
n	堪えがたい
n	堪える
n	堪え難い
n	堪忍袋 緒 が 切れる
n	干からびる
n	患い
n	患う
n	憾む
n	間違う
n	陥る
n	危ぶむ
n	忌み きらう
n	忌み嫌う
n	機嫌 を 損じる
n	機嫌 を 損ねる
n	気 が 緩む
n	気 が 気 で ない
n	気 が 滅入る
n	気 に 掛かる
n	気 に 障る
n	気 に 食わ ない
n	気 を もむ
n	気 を 悪く する
n	気 懸かる
n	気 恥ずかしい
n	気がかり
n	気まずい
n	気持ち が 悪い
n	気持ち 悪い
n	飢える
n	偽る
n	疑う
n	詰まる
n	逆らえ ない
n	虚しい
n	許す こと が でき ない
n	許せ ない
n	恐る
n	恐れる
n	狂う
n	狂する
n	胸 が 騒ぐ
n	胸くそ 悪い
n	胸苦しい
n	胸糞 が 悪い
n	胸糞 悪い
n	興醒める
n	驚愕
n	業 を 煮やす
n	苦しい
n	苦しむ
n	苦しめ られる
n	苦汁 を なめる
n	苦慮
n	欠く
n	欠ける
n	血の気 が 引く
n	嫌う
n	嫌がる
n	肩 を 落とす
n	肩身 が 狭い
n	見そこなう
n	見失う
n	見損なう
n	見落とす
n	遣り 切れ ない
n	戸惑う
n	枯れる
n	後ろ 暗い
n	後ろめたい
n	後口 が 悪い
n	後味 が 悪い
n	誤る
n	慌てる
n	荒れる
n	行 詰まる
n	行き過ぎる
n	行き詰まる
n	行き詰る
n	行詰る
n	降参
n	降伏
n	降服
n	腰 が 砕ける
n	骨 折れる
n	困る
n	恨む
n	根 に 持つ
n	混む
n	砕ける
n	錆びる
n	散らかる
n	散る
n	刺さる
n	死さ れる
n	死ぬ
n	持て余す
n	耳 が 痛い
n	自信 が ない
n	自制 が きか ない
n	自由 が きか ない
n	辞める
n	失う
n	失っ た
n	疾しい
n	寂しい
n	弱る
n	取り逃がす
n	手 も 足 も 出 ない
n	手 を 引く
n	手間取る
n	腫れる
n	首 が まわら ない
n	首 を ひねる
n	臭う
n	縮む
n	出来 そこなう
n	出来 損なう
n	傷つける
n	傷む
n	傷付ける
n	嘗める
n	小首 を 傾ける
n	小腹 を 立てる
n	焦る
n	障る
n	乗り遅れる
n	情ない
n	色 を 失う
n	侵す
n	心外
n	心細い
n	申し訳 ない
n	辛い
n	辛め
n	震える
n	衰える
n	生き た 心地 も ない
n	逝く
n	切ない
n	折ら れる
n	舌 を 巻く
n	争う
n	遭う
n	憎い
n	憎たらしい
n	損 う
n	損なう
n	損ねる
n	太る
n	堕ちる
n	妥協
n	耐え られ ない
n	耐えがたい
n	怠る
n	退かさ れる
n	嘆く
n	歎 く
n	断た れる
n	恥ずかしい
n	遅れ を 取る
n	遅れる
n	虫 が おさまら ない
n	懲りる
n	懲り懲り
n	頂け ない
n	墜ちる
n	痛い
n	痛む
n	痛める
n	潰れる
n	諦める
n	溺れる
n	転ぶ
n	吐き出す
n	妬む
n	途方 に 暮れる
n	怒る
n	倒れる
n	凍える
n	悼む
n	盗ま れる
n	盗む
n	当たら れる
n	当て られる
n	頭 が あがら ない
n	頭 が 上がら ない
n	頭 に くる
n	頭 に 来る
n	頭 を かかえる
n	頭 を 抱える
n	曇る
n	悩む
n	馬鹿 を 見る
n	廃れる
n	敗ける
n	敗れる
n	背く
n	曝す
n	抜か れる
n	叛 く
n	犯す
n	悲しむ
n	疲れ が ある
n	疲れる
n	被る
n	謬 る
n	貧する
n	不満 が ある
n	不満 は ある
n	怖 れる
n	怖じ 気づく
n	怖気付く
n	腐る
n	負う
n	負ける
n	侮る
n	腹の虫 が おさまら ない
n	腹の虫 居所 が 悪い
n	腹立たしい
n	腹立つ
n	文句 が ある
n	文句 は ある
n	聞こえる にくい
n	閉まる
n	別れる
n	偏る
n	呆れる
n	崩さ れる
n	崩す
n	崩れる
n	飽きる
n	亡くす
n	亡くする
n	亡びる
n	妨げる
n	忘れる
n	冒す
n	膨れる
n	謀る
n	無くす
n	迷う
n	滅びる
n	面目 ない
n	面目 無い
n	面目次第 も ない
n	蒙る
n	目 前 が 真っ暗 に なる
n	薬 が きか ない
n	落ち込む
n	落とさ れる
n	落とし て しまう
n	乱れる
n	理性 が きか ない
n	裂ける
n	路頭 に 迷う
n	漏らす
n	漏れる
n	老いる
n	歪む
n	詫びる
n	咎める
n	咬ま れる
n	毀す
n	毀れる
n	憑 く
n	罹る
n	挾ま る
n	涸れる
n	疵付ける
n	縺れる
n	茫然
n	茫漠
n	躊躇う
n	躓く
n	轢く
n	騙す
n	あいた 口 が ふさがる ない
n	あきれる て もの が 言える ない
n	あく が 強い
n	あくどい
n	あざとい
n	あと 祭り
n	あばずれ
n	あほらしい
n	あやしい
n	あやふや
n	あらい
n	あらっぽい
n	あり き たり
n	あり きたり
n	ありふれる
n	ありふれる た
n	ある がち
n	あわせ にくい
n	あんぽんたん
n	い た しかた ない
n	いかがわしい
n	いかつい
n	いぎたない
n	いけ好かない
n	いけ図々しい
n	いこじ
n	いじいじ
n	いじける
n	いじましい
n	いぶかしい
n	いまいち
n	いまいましい
n	いまひとつ
n	いまわしい
n	いま一つ
n	いやがる
n	いやしい
n	いやらしい
n	いろあせる
n	いわく つき
n	いんちき
n	うじうじ
n	うす汚い
n	うとい
n	うど 大木
n	うらめしい
n	うら寂しい
n	うら悲しい
n	えげつない
n	おこがましい
n	おしい
n	おせっかい
n	おそい
n	おそまつ
n	おぞましい
n	おためごかし
n	おたんこなす
n	おっかない
n	おっくう
n	おっさん くさい
n	おっちょこちょい
n	おばさん 臭い
n	おびやかす
n	おもはゆい
n	おんぼろ
n	お山 大将
n	お節介
n	お粗末
n	かっこ 悪い
n	かったるい
n	かみ合う ない
n	かわいい げ ない
n	かん高い
n	がさつ
n	がっかり
n	がつがつ
n	がめつい
n	ききにくい
n	きちきち
n	きつい
n	きびしい
n	きゅうきゅう
n	ぎくしゃく
n	ぎこちない
n	ぎごち ない
n	ぎすぎす
n	ぎちぎち
n	ぎゅうぎゅう
n	ぎょうぎょうしい
n	ぎょっと
n	くしゃくしゃ
n	くそ まじめ
n	くだらない
n	くどい
n	ぐしゃぐしゃ
n	ぐしょぐしょ
n	ぐじゃぐじゃ
n	ぐずぐず
n	ぐずる
n	ぐにゃぐにゃ
n	ぐらぐら
n	ぐらつく
n	けがらわしい
n	けしからん
n	けちけち
n	けちけち する た
n	けちん坊
n	けばけば
n	けばけばしい
n	けわしい
n	けんのん
n	げっそり
n	こしゃく
n	こすい
n	こせこせ
n	こっぴどい
n	こっ酷い
n	こてんこてん
n	ごしゃごしゃ
n	ごちゃごちゃ
n	ごっちゃ
n	ごてごて
n	ごみごみ
n	ご法度
n	さもしい
n	しかた ない
n	しかつめらしい
n	しつこい
n	しどろ
n	しどろもどろ
n	しみったれる
n	しょうが ない
n	しょぼい
n	しょぼしょぼ
n	しらじらしい
n	しわくちゃ
n	しわしわ
n	しんどい
n	しんねり
n	じじむさい
n	じゃじゃ馬
n	じゃじゃ馬 的
n	じゃま 臭い
n	じれったい
n	すかたん
n	すげない
n	すじ 違い
n	すたれる
n	ずうずうしい
n	ずるい
n	ずれる
n	ずんべらぼう
n	せこい
n	せせこましい
n	せっかち
n	せわしい
n	せわしない
n	そぐわない
n	そそっかしい
n	そっけ ない
n	そらぞらしい
n	ぞっと
n	ぞんざい
n	たけだけしい
n	たじたじ
n	たどたどしい
n	たより ない
n	だ ら ける た
n	だぶつく
n	だらし が ない
n	だらし ない
n	だらし 無い
n	だるい
n	ちぐはぐ
n	ちっぽけ
n	ちび
n	ちまちま
n	ちゃち い
n	ちゃらっぽこ
n	ちんちくりん
n	ちんまり
n	つかむ にくい
n	つたない
n	つぶれる やすい
n	つまらない
n	つまる ぬ
n	つれない
n	つんつるてん
n	できる 損なう
n	でくの坊
n	でしゃばる
n	とげ ある
n	とげとげしい
n	とっつく にくい
n	とぼける
n	とらえる 所 ない
n	とりとめる が ない
n	とろい
n	とんがる
n	とんちんかん
n	とんでも ない
n	とんま
n	ど けち
n	ど 助平
n	どぎつい
n	どけ ちと
n	どけ ちの
n	どじ
n	どじ を ふむ
n	どじ を 踏む
n	どす黒い
n	どっち つく ぬ
n	どっち 付く ぬ
n	どん くさい
n	なおざり
n	なごりおしい
n	なじむ ない
n	なじむ にくい
n	なまぬるい
n	なよなよ
n	なれなれしい
n	にちゃにちゃ
n	にぶい
n	にべ も ない
n	にべ も 無い
n	ねたましい
n	ねちねち
n	のらりくらり
n	のれん に 腕 押し
n	のろい
n	のろくさい
n	のろのろ
n	のろま
n	はかばかしい
n	はしたない
n	はずれ
n	はで
n	はで 好み
n	ばか 正直
n	ばか 丁寧
n	ばかくさい
n	ばっちい
n	ばらつき が ある
n	ひやひや
n	ひょろひょろ
n	ひ弱い
n	びしょびしょ
n	ふがいない
n	ふた 目 見る られる ない
n	ふつつか
n	ふてぶてしい
n	ふにゃふにゃ
n	ふらふら
n	ふんぞり返る
n	ぶよぶよ
n	へ な ちょこ
n	へいこら
n	へそ曲がり
n	へたくそ
n	へとへと
n	へなへな
n	べとつく
n	べとべと
n	ぺしゃんこ
n	ぺてん師
n	ほど遠い
n	ぼさっと
n	ぼやける
n	ぼやぼや
n	ぼろい
n	ぼろぼろ
n	ぼんくら
n	ぼんやり
n	まがい物
n	まがい物 的
n	まがまがしい
n	まごまご
n	まだるっこい
n	ままならない
n	み そっ か す
n	みすぼらしい
n	みっともない
n	みにくい
n	みみっちい
n	むかむか
n	むごい
n	むごたらしい
n	むさい
n	むさくるしい
n	むっと
n	むなぐるしい
n	むなしい
n	めそめそ
n	めちゃくちゃ
n	めちゃめちゃ
n	めんどう 臭い
n	めんどうくさい
n	めんどくさい
n	もう 一つ
n	もたつき が ある
n	もっさり
n	もったいない
n	もってのほか
n	もどかしい
n	ものうい
n	ものすさまじい
n	ものたりない
n	もの狂おしい
n	もの凄まじい
n	もの悲しい
n	やかましい
n	やきもき
n	やっかい
n	やにっこい
n	やばい
n	やぶさか
n	やぼ
n	やぼったい
n	やましい
n	ややこしい
n	やりきれない
n	やり切れない
n	やるせない
n	やわ
n	やわい
n	ゆゆしい
n	ゆるい
n	よけい
n	よそよそしい
n	よれよれ
n	よれる
n	よわい
n	よんどころない
n	らち も ない
n	ろくでなし
n	わいせつ
n	わかる にくい
n	わざとらしい
n	わずらわしい
n	わびしい
n	わや
n	わやく
n	アウト ロー
n	アホ
n	アン ナチュラル
n	イカ レ る
n	イマイチ
n	イレギュラ
n	イレギュラー
n	インチキ
n	インパクト が ない
n	ウド 大木
n	エキセントリック
n	エゴイスト
n	エッチ
n	オーソドックス すぎる
n	オマケ 程度
n	オモチャ っぽい
n	オヤジ 臭い
n	オリジナリティ が ない
n	カッコ 悪い
n	ガキ っぽい
n	ガタ落ち
n	ガチガチ
n	キズ が ある
n	キツイ
n	キリ が ない
n	ギクシャク
n	ギュウギュウ
n	クセ が ある
n	クセ は ある
n	グルーミー
n	グロ
n	グロッキー
n	グロテスク
n	コワい
n	ショッキング
n	ショック が ある
n	ショボ 過ぎ
n	シリアス
n	ジャジャ馬
n	ズレる
n	センス が ない
n	ダーティ
n	ダーティー
n	ダサい
n	チグハグ
n	チャチ
n	チャラチャラ
n	ディプレッション
n	デカ 過ぎ
n	デプレッション
n	ノイジー
n	ノンセンス
n	バタくさい
n	バタ臭い
n	バラツキ が ある
n	パワー 不足
n	ヒステリック
n	ヒヤヒヤ
n	ビビる やすい
n	ヘン テコ
n	ミーハー
n	ミス マッチ
n	メチャメチャ
n	メランコリック
n	メリハリ が ない
n	ヤワ
n	ヨレヨレ
n	ワーストワン
n	ワンマン
n	唖然
n	阿呆 くさい
n	阿呆 らしい
n	阿呆 臭い
n	哀しい
n	哀しむ
n	哀れ
n	愛想 が ない
n	愛想 無い
n	悪 趣味
n	悪い
n	悪賢い
n	悪達者
n	悪辣
n	扱い にくい
n	扱い 難い
n	安っぽい
n	安普請 的
n	安物
n	暗い
n	暗む
n	暗愚
n	暗鬱
n	暗澹
n	意 に 介さ ない
n	意気地無し
n	意固地
n	意志 薄弱
n	意地 が 悪い
n	意地 悪い
n	意地っぱり
n	意地っ張り
n	意地汚い
n	意地張り
n	違和感 が ある
n	一 卷 終り
n	一巻 終わる
n	一筋縄 で は いか ない
n	一苦労
n	一文惜しみ
n	引っ込み がち
n	引っ込み思案
n	淫蕩
n	淫猥
n	淫靡
n	陰うつ
n	陰気臭い
n	陰険
n	陰惨
n	陰湿
n	陰鬱
n	烏滸がましい
n	迂遠
n	迂愚
n	迂闊
n	雲泥の差 が ある
n	影 が うすい
n	影 が 薄い
n	厭わしい
n	怨めしい
n	縁 が ない
n	遠慮 会釈 も ない
n	汚い
n	汚らしい
n	汚らわしい
n	汚れ やすい
n	汚穢
n	奥行き が ない
n	押し が 強い
n	押し付けがましい
n	横柄
n	横様
n	臆病者
n	恩 着せ が まし い
n	下 に も おけ ない
n	下らない
n	下賎
n	下等
n	下劣
n	何 に も なら ない
n	何 へんてつ も ない
n	可哀相
n	火 消え た よう
n	禍々しい
n	禍禍しい
n	苛酷
n	苛烈
n	過ち
n	過酷
n	我が物顔
n	画一 的
n	怪しい
n	怪しげ
n	怪異
n	怪奇
n	格好 悪い
n	角 ある
n	角張り すぎる
n	隔靴掻痒
n	隔心
n	楽しみ が ない
n	割に 合わ ない
n	恰好 わるい
n	恰好 悪い
n	寒々
n	寒ざむ
n	寒寒
n	勘弁
n	感情 的
n	甘 ｋ 見る
n	甘ったれる
n	緩い
n	間 が 悪い
n	間 延び た
n	間延び
n	間延び し た
n	間尺 に 合わ ない
n	閑散
n	頑愚
n	頑冥
n	頑迷
n	顔負け
n	危うい
n	危ない
n	危なっかしい
n	奇々怪々
n	奇っ怪
n	奇奇怪怪
n	奇態
n	希薄
n	忌まわしい
n	忌わしい
n	機械 的
n	機嫌 が 悪い
n	気 が 遠く なる
n	気 が 遠のく
n	気 が 強い
n	気 が 塞ぐ
n	気 が 弱い
n	気 が 重い
n	気 が 小さい
n	気 が 短い
n	気 が 沈む
n	気 に くわ ない
n	気 むつかしい
n	気ぜわしい
n	気むずかしい
n	気弱
n	気取っ た
n	気色 が 悪い
n	気早
n	気短
n	気難しい
n	気付き にくい
n	気分 が 悪い
n	気忙しい
n	気味が悪い
n	稀薄
n	儀式張っ た
n	戯け
n	疑い深い
n	疑わしい
n	疑問
n	詰屈
n	逆賊
n	泣き所
n	泣き虫
n	居丈高
n	虚仮
n	許し がたい
n	凶漢
n	凶暴
n	凶猛
n	強情 張
n	強情っぱり
n	強欲
n	怯懦
n	恐るべき
n	恐れ が ある
n	恐れ多い
n	狂わしい
n	狂人
n	狂暴
n	狂乱
n	狭苦しい
n	狭量
n	狭隘
n	脅かす
n	興味 が ない
n	驚き が ない
n	仰々しい
n	仰仰しい
n	業 突く 張り
n	極貧
n	僅少
n	近目
n	銀流し
n	苦 に なる
n	苦々しい
n	苦し紛れ
n	苦肉の策
n	愚 に も つか ぬ
n	愚 骨頂
n	愚か
n	愚かしい
n	愚人
n	愚図
n	愚直
n	愚鈍
n	愚物
n	愚昧
n	愚劣
n	空々しい
n	空しい
n	空回り
n	空恐ろしい
n	空空しい
n	空疎
n	空中 楼閣
n	屈伏
n	屈服
n	型 に はまる
n	形無し
n	軽々しい
n	軽はずみ
n	軽視
n	軽蔑
n	軽躁
n	激越
n	隙らけ
n	欠陥 が ある
n	欠陥 品
n	血 も 涙 も ない
n	血の気 が 多い
n	喧しい
n	喧嘩腰
n	堅苦しい
n	堅物
n	嫌 らしい
n	嫌み
n	嫌味 たらしい
n	嫌味 ったらしい
n	見えっ張り
n	見ぐるしい
n	見づらい
n	見にくい
n	見る かげ も ない
n	見る 影 も ない
n	見下す
n	見苦しい
n	見向き も し ない
n	険しい
n	険悪
n	険難
n	元 も 子 も ない
n	厳つい
n	厳酷
n	幻怪
n	言語道断
n	個性 が ない
n	個性 は ない
n	古めかしい
n	古臭い
n	固陋
n	姑息
n	胡散臭い
n	誇大
n	後 まつり
n	後の祭り
n	後悔 先 に 立た ぬ
n	御 粗末
n	御機嫌 斜め
n	御大層
n	効き すぎる
n	効き にくい
n	効き 難い
n	厚かましい
n	厚ぼったい
n	厚顔
n	口 が さびしい
n	口 が 軽い
n	口 ほど に も ない
n	口惜しい
n	口先け
n	向う見ず
n	好い加減
n	好きもの
n	好き嫌い が ある
n	好き嫌い は ある
n	巧言令色
n	慌しい
n	慌ただしい
n	甲斐性 無い
n	糠 に 釘
n	荒々しい
n	荒くれ た
n	荒っぽい
n	荒らか
n	荒荒しい
n	荒削り
n	荒誕
n	荒唐
n	高慢
n	高慢ちき
n	剛愎
n	合わせ にくい
n	酷 たらしい
n	酷い
n	酷しい
n	酷薄
n	酷烈
n	腰 が 弱い
n	腰 が 重い
n	腰砕け
n	腰弱
n	腰抜け
n	今ひとつ
n	今一つ
n	恨み 骨髄 に 徹する
n	恨めしい
n	根 性悪
n	根性 悪
n	根性 曲り
n	根無し
n	差 が ある
n	差 が 激しい
n	差 は ある
n	差し支える
n	差し出がましい
n	差支える
n	差別 的
n	細細
n	在り来り
n	罪ぶかい
n	罪作り
n	罪深い
n	策士
n	擦れっ枯らし
n	殺人 的
n	殺伐
n	殺伐と
n	雑
n	雑然
n	惨い
n	惨たらしい
n	惨烈
n	惨憺
n	散々
n	散散
n	酸鼻
n	残り惜しい
n	残り多い
n	残刻
n	残忍
n	仕方 が ない
n	仕方 ない
n	使い づらい
n	使い にくい
n	使い 難い
n	使い物 に なら ない
n	刺々しい
n	刺刺しい
n	子供 っぽい
n	子供だまし
n	子供騙し
n	思いきり 悪い
n	思い切り 悪い
n	思わしくない
n	支障 が ある
n	脂 こい
n	脂っこい
n	歯 が 立た ない
n	歯痒い
n	耳年増
n	自縄自縛
n	七転八倒
n	七面倒臭い
n	執念深い
n	質感 が ない
n	邪険
n	邪魔 者
n	邪魔 物
n	邪魔くさい
n	邪慳
n	寂しげ
n	寂れる
n	寂寞
n	弱々しい
n	弱り目
n	弱り目 に たたり目
n	弱虫
n	守銭奴
n	手 が つけ られ ない
n	手 が 出 ない
n	手 が 足り ない
n	手 に おえ ない
n	手 に 余る
n	手 出し 様 が ない
n	手ぬるい
n	手ひどい
n	手緩い
n	手狭
n	手厳しい
n	手荒
n	手荒い
n	手酷い
n	手重い
n	手痛い
n	手薄
n	酒 落 臭い
n	受け入れ 難い
n	受け付け ない
n	呪わしい
n	臭い
n	醜い
n	重々しい
n	重苦しい
n	重重しい
n	術無い
n	峻険
n	峻厳
n	峻嶮
n	暑がり
n	暑苦しい
n	女たらし
n	女女しい
n	小 難しい
n	小汚い
n	小気味 が 悪い
n	小賢しい
n	小心翼翼
n	小憎らしい
n	小便 くさい
n	小面憎い
n	小利口
n	小癪 に さわる
n	焦れったい
n	省き すぎる
n	笑止千万
n	上っ面け
n	上滑り
n	上辷り
n	冗談 じゃ ない
n	冗長
n	冗漫
n	情け が 無い
n	情け 知らず
n	情け 容赦 も ない
n	情けない
n	情強
n	色あせる
n	色気 が ない
n	尻 が 軽い
n	尻 が 重い
n	尻 穴 が 小さい
n	尻ごみ
n	尻軽
n	尻込み
n	伸び が ない
n	信じ がたい
n	寝覚め が 悪い
n	寝苦しい
n	寝耳 に 水
n	心 が 重い
n	心 が 騒ぐ
n	心 を 乱す
n	心許ない
n	心許無い
n	心苦しい
n	心無い
n	心憂い
n	新鮮味 は ない
n	深み が ない
n	身 も ふた も ない
n	身 も 蓋 も ない
n	身の程知らず
n	辛気 くさい
n	辛気臭い
n	人 が 悪い
n	人 を 食っ た
n	人気 が ない
n	人気 は ない
n	人泣かせ
n	人聞き が 悪い
n	人聞き 悪い
n	人目 に つく
n	人恋しい
n	図々しい
n	水の泡
n	水の泡 に なる
n	水臭い
n	嵩張る
n	寸づまり
n	寸足らず
n	世間 知らず
n	世知辛い
n	凄惨
n	凄絶
n	性悪
n	生ぬるい
n	生硬
n	生煮え
n	青臭い
n	青二才
n	脆い
n	惜しい
n	惜しくも
n	拙い
n	拙劣
n	節度 が ない
n	絶体絶命
n	絶望 的
n	舌先三寸
n	戦闘 的
n	浅はか
n	浅ましい
n	浅薄
n	浅慮
n	詮無い
n	賎しい
n	疎い
n	疎か
n	疎ましい
n	疎略
n	粗削り
n	粗雑
n	粗大
n	粗暴
n	粗末
n	粗野
n	粗笨
n	素 気 無い
n	素っ気 ない
n	素っ気 も ない
n	素っ気 も 無い
n	素っ気 無い
n	素っ頓狂
n	素頓狂
n	鼠輩
n	早計
n	騒々しい
n	騒がしい
n	騒然たる
n	騒騒しい
n	増悪
n	憎々しい
n	憎体
n	息苦しい
n	俗っぽい
n	俗悪
n	俗物
n	俗離れ
n	卒爾
n	遜色 が ある
n	多情 多恨
n	惰弱
n	駄目
n	耐え難い
n	態とらしい
n	態度 が 大きい
n	大 それ た
n	大仰
n	大愚
n	大形
n	大嫌い
n	濁る た
n	嘆かわしい
n	短慮
n	暖簾 に 腕 押し
n	男尊女卑
n	値 が 張る
n	恥知らず
n	恥曝し
n	痴れ者
n	稚気
n	致し方 ない
n	致し方 無い
n	致命 的
n	遅々たる
n	遅い
n	遅緩
n	遅鈍
n	茶番 劇
n	虫 が いい
n	虫 が 好く ない
n	虫 いい
n	虫酸 が 走る
n	張りつめる
n	張り出し すぎ
n	挑発 的
n	調子はずれ
n	長たらしい
n	沈痛
n	沈鬱
n	陳腐
n	痛々しい
n	痛ましい
n	低級
n	低質
n	低俗
n	低能
n	低劣
n	底 が 浅い
n	底 が 知れ ない
n	底意地 悪い
n	程遠い
n	締まり が ない
n	締まり が 無い
n	締まり ない
n	締まり屋
n	締り が ない
n	締り が 無い
n	諦め 悪い
n	泥くさい
n	泥臭い
n	鉄面皮
n	天保銭
n	田舎 くさい
n	田舎 っぽい
n	田舎 臭い
n	徒
n	徒爾
n	杜撰
n	途方 も ない
n	途方 も 無い
n	都合 が 悪い
n	度 が 強い
n	度し難い
n	土 くさい
n	土臭い
n	怒り っぽい
n	怒り 心頭
n	怒り 心頭 に 発する
n	盗人 猛猛しい
n	逃げ腰
n	頭 が 固い
n	頭 が 高い
n	頭 へ 来る
n	頭 を ひねる
n	頭 を 捻る
n	頭 を 冷やす
n	道理 に 外れ た
n	得体 知れ ない
n	毒 に も 薬 に も なら ぬ
n	毒々しい
n	独断 的
n	突拍子 も ない
n	突慳貪
n	豚 に 真珠
n	鈍
n	鈍 臭い
n	鈍根
n	鈍重
n	鈍物
n	内弁慶
n	馴れ馴れしい
n	難 が ある
n	難物
n	二の句 が つげ ない
n	二目 見 られ ない
n	日陰者
n	乳臭
n	乳臭い
n	入り づらい
n	入り にくい
n	如何わしい
n	猫 に 小判
n	猫 額
n	熱鬧
n	年寄り くさい
n	粘っこい
n	悩ましい
n	能 なし
n	能無し
n	波 が ある
n	派手 好み
n	破壊 的
n	破戒無慙
n	破滅 的
n	破廉恥
n	馬 耳 に 念仏
n	馬耳東風
n	馬鹿 くさい
n	馬鹿 に する
n	馬鹿 者
n	馬鹿 野郎
n	馬鹿らしい
n	馬鹿臭い
n	馬鹿馬鹿しい
n	背筋 が 寒く なる
n	買い得
n	売国奴
n	白々しい
n	白眼 視 する
n	薄ぎたない
n	薄ぐらい
n	薄っぺら
n	薄暗い
n	薄汚い
n	薄気味悪い
n	薄馬鹿
n	薄氷 を 踏む 思い
n	迫力 が ない
n	漠漠
n	莫迦
n	八方美人
n	髪の毛 を 逆立てる
n	罰金 もの
n	抜差し なら ない
n	半可通
n	半間
n	半人前
n	反り が 合わ ない
n	反対
n	繁雑
n	煩わしい
n	卑しい
n	卑しんぼう
n	卑しん坊
n	卑わい
n	卑賎
n	卑俗
n	卑劣
n	卑猥
n	卑陋
n	否定 的
n	悲しい
n	悲酸
n	悲壮
n	悲愴
n	皮相
n	非 人道的
n	非の打ち所 が ある
n	尾篭
n	鼻 に 付く
n	鼻っぱし が 強い
n	鼻っ柱 が 強い
n	鼻持ち が なら ない
n	鼻持ち なら ない
n	鼻息 が 荒い
n	表六玉
n	品 が ない
n	貧しい
n	貧寒
n	貧賎
n	貧相
n	貧乏 くさい
n	貧乏人
n	不 似合
n	不 深切
n	不 釣り合い
n	不 熱心
n	不 勉強
n	不ぞろい
n	不まじめ
n	不穏
n	不穏当
n	不可解
n	不可思議
n	不格好
n	不恰好
n	不謹慎
n	不見識
n	不甲斐ない
n	不行き届き
n	不行届
n	不行届き
n	不作法
n	不充分
n	不承知
n	不粋
n	不正直
n	不精 者
n	不誠実
n	不鮮明
n	不相応
n	不束
n	不体裁
n	不退転
n	不釣合
n	不定
n	不適
n	不適切
n	不適当
n	不徹底
n	不透明
n	不同
n	不得要領
n	不評 を 買う
n	不敏
n	不本意
n	不味い
n	不明瞭
n	不明朗
n	不面目
n	不慮
n	不躾
n	付け にくい
n	付け焼き刃
n	敷居 が 高い
n	浮き腰
n	浮き足立つ
n	浮薄
n	風 前 ちり
n	風向き が 悪い
n	風上 に も 置け ない
n	風来坊
n	腹 が 黒い
n	腹 が 立つ
n	腹 立つ
n	腹 汚い
n	腹だつ
n	腹黒い
n	複雑 怪奇
n	覆水 盆 に 返る ぬ
n	物々しい
n	物わかり が 悪い
n	物わかり 悪い
n	物恐ろしい
n	物見高い
n	物寂しい
n	物臭
n	物凄まじい
n	物足りない
n	物体 無い
n	物悲しい
n	物物しい
n	物憂い
n	分 が わるい
n	分 が 悪い
n	分から ず 屋
n	分かり づらい
n	分別臭い
n	紛い物
n	紛然
n	紛紛
n	文無し
n	聞きづらい
n	聞きにくい
n	聞き苦しい
n	聞き辛い
n	聞き分け ない
n	聞く 〜 にくい
n	聞苦しい
n	兵六玉
n	米食い虫
n	癖 が ある
n	蔑む
n	蔑ろ
n	偏狭
n	偏屈
n	偏窟
n	変 ちきり ん
n	変 ちく りん
n	変則 的
n	片意地
n	片寄る
n	片腹痛い
n	辺ぴ
n	辺鄙
n	放佚
n	法外
n	飽き が 来る
n	飽き 足り ない
n	飽く っぽい
n	乏しい
n	忙しい
n	暴悪
n	暴慢
n	暴戻
n	暴力 的
n	謀叛 人
n	朴念仁
n	凡愚
n	凡骨
n	埋もれる
n	末恐ろしい
n	慢性 的
n	漫ろ
n	味 が ない
n	味 も そっけ も ない
n	味 も そっけ も 無い
n	味 も 素 気 も ない
n	味気 ない
n	味気 無い
n	味噌っ滓
n	未練がましい
n	魅力 が ない
n	妙ちきりん
n	無 細工
n	無愛敬
n	無愛嬌
n	無闇矢鱈
n	無意義
n	無為
n	無縁
n	無音
n	無機 的
n	無気味
n	無骨
n	無作法
n	無粋
n	無恥
n	無鉄砲
n	無頓着
n	無礼 窮まり ない
n	冥々
n	名ばかり
n	名残惜しい
n	命知らず
n	滅相
n	滅相 も 無い
n	滅多矢鱈
n	滅茶
n	滅茶苦茶
n	滅茶滅茶
n	面 皮 が 厚い
n	面はゆい
n	面映ゆい
n	面憎い
n	面倒い
n	面倒臭い
n	面白み が ない
n	模糊
n	妄り
n	毛羽立つ
n	盲信 的
n	木 で 鼻 を くくっ た よう
n	木偶 坊
n	木偶の坊
n	目 が 回る
n	目 に 余る
n	目 も あて られ ない
n	目 も くれ ない
n	目 を むく
n	目 を 回す
n	目 を 剥く
n	目 を 瞑る
n	目茶
n	勿体ない
n	問題児
n	悶悶
n	爺むさい
n	野卑
n	野暮
n	野暮ったい
n	野暮天
n	野鄙
n	油っこい
n	油断大敵
n	憂い
n	憂うつ
n	有り勝ち
n	有り得る ない
n	有頂天
n	有難迷惑
n	由々しい
n	由無い
n	由由しい
n	遊び が ない
n	融通 利か ない
n	余儀ない
n	余計
n	余裕 が ない
n	余裕 は ない
n	与太
n	妖しい
n	揺らぐ
n	要注意
n	欲 深い
n	欲深
n	欲張り
n	頼み少ない
n	頼め ない
n	頼り ない
n	頼り 無い
n	落ちぶれる
n	落ち着か ない
n	落ち着き ない
n	落ち着き 無い
n	乱脈
n	裏目
n	率爾
n	立遅れる
n	竜頭蛇尾
n	涼しい 顔
n	良い ない
n	力無げ
n	淋しい
n	累卵
n	冷やか
n	冷ややか
n	冷や冷や
n	冷酷
n	冷然
n	冷淡
n	劣
n	劣る
n	憐れ
n	蓮っ葉
n	労しい
n	老醜
n	論外
n	話 に なら ない
n	佶屈
n	侘しい
n	傲岸
n	凛冽
n	吝ん坊
n	埒 が あく ない
n	奢る
n	奸悪
n	奸賊
n	寥寥
n	尠少
n	嶮難
n	怱忙
n	恬然
n	悄然
n	慄然
n	憮然
n	懦弱
n	懶い
n	朧
n	鬱陶しい
n	渾沌
n	熾烈
n	狡い
n	狡辛い
n	狡猾
n	狡獪
n	狷介
n	猥雑
n	猥褻
n	獰猛
n	瑣細
n	瑣末
n	疚しい
n	癇 に 障る
n	穢い
n	穢らしい
n	穢らわしい
n	羞悪
n	羸弱
n	翳り
n	耄碌
n	聊爾
n	腑 ぬけ
n	腑 甲斐 ない
n	腑抜け
n	茫洋
n	褊狭
n	訝しい
n	諤々
n	諤諤
n	贅沢 すぎる
n	躁急
n	遽しい
n	鄙劣
n	鄙猥
n	鄙陋
n	陋劣
n	驕傲
n	驕奢
